0 verbose cli /usr/local/bin/node /usr/local/bin/npm
1 info using npm@11.13.0
2 info using node@v24.16.0
3 silly config load:file:/usr/local/lib/node_modules/npm/npmrc
4 silly config load:file:/Users/darshilsachingunjal/syndicateix/Suraag-syndicate-final/.npmrc
5 silly config load:file:/Users/darshilsachingunjal/.npmrc
6 silly config load:file:/usr/local/etc/npmrc
7 verbose title npm install
8 verbose argv "install" "--cache" "./npm-cache-local"
9 verbose logfile logs-max:10 dir:/Users/darshilsachingunjal/syndicateix/Suraag-syndicate-final/npm-cache-local/_logs/2026-07-24T14_20_20_541Z-
10 verbose logfile /Users/darshilsachingunjal/syndicateix/Suraag-syndicate-final/npm-cache-local/_logs/2026-07-24T14_20_20_541Z-debug-0.log
11 silly logfile done cleaning log files
12 silly packumentCache heap:4496293888 maxSize:1124073472 maxEntrySize:562036736
13 silly idealTree buildDeps
14 silly reify moves {}
15 silly audit bulk request {
15 silly audit   '@alloc/quick-lru': [ '5.2.0' ],
15 silly audit   '@babel/code-frame': [ '7.29.7' ],
15 silly audit   '@babel/compat-data': [ '7.29.7' ],
15 silly audit   '@babel/core': [ '7.29.7' ],
15 silly audit   '@babel/generator': [ '7.29.7' ],
15 silly audit   '@babel/helper-compilation-targets': [ '7.29.7' ],
15 silly audit   '@babel/helper-globals': [ '7.29.7' ],
15 silly audit   '@babel/helper-module-imports': [ '7.29.7' ],
15 silly audit   '@babel/helper-module-transforms': [ '7.29.7' ],
15 silly audit   '@babel/helper-plugin-utils': [ '7.29.7' ],
15 silly audit   '@babel/helper-string-parser': [ '7.29.7' ],
15 silly audit   '@babel/helper-validator-identifier': [ '7.29.7' ],
15 silly audit   '@babel/helper-validator-option': [ '7.29.7' ],
15 silly audit   '@babel/helpers': [ '7.29.7' ],
15 silly audit   '@babel/parser': [ '7.29.7' ],
15 silly audit   '@babel/plugin-transform-react-jsx-self': [ '7.29.7' ],
15 silly audit   '@babel/plugin-transform-react-jsx-source': [ '7.29.7' ],
15 silly audit   '@babel/runtime': [ '7.29.7' ],
15 silly audit   '@babel/template': [ '7.29.7' ],
15 silly audit   '@babel/traverse': [ '7.29.7' ],
15 silly audit   '@babel/types': [ '7.29.7' ],
15 silly audit   '@cspotcode/source-map-support': [ '0.8.1' ],
15 silly audit   '@jridgewell/trace-mapping': [ '0.3.9', '0.3.31' ],
15 silly audit   '@esbuild/aix-ppc64': [ '0.28.1', '0.25.12' ],
15 silly audit   '@esbuild/android-arm': [ '0.28.1', '0.25.12' ],
15 silly audit   '@esbuild/android-arm64': [ '0.28.1', '0.25.12' ],
15 silly audit   '@esbuild/android-x64': [ '0.28.1', '0.25.12' ],
15 silly audit   '@esbuild/darwin-arm64': [ '0.28.1', '0.25.12' ],
15 silly audit   '@esbuild/darwin-x64': [ '0.28.1', '0.25.12' ],
15 silly audit   '@esbuild/freebsd-arm64': [ '0.28.1', '0.25.12' ],
15 silly audit   '@esbuild/freebsd-x64': [ '0.28.1', '0.25.12' ],
15 silly audit   '@esbuild/linux-arm': [ '0.28.1', '0.25.12' ],
15 silly audit   '@esbuild/linux-arm64': [ '0.28.1', '0.25.12' ],
15 silly audit   '@esbuild/linux-ia32': [ '0.28.1', '0.25.12' ],
15 silly audit   '@esbuild/linux-loong64': [ '0.28.1', '0.25.12' ],
15 silly audit   '@esbuild/linux-mips64el': [ '0.28.1', '0.25.12' ],
15 silly audit   '@esbuild/linux-ppc64': [ '0.28.1', '0.25.12' ],
15 silly audit   '@esbuild/linux-riscv64': [ '0.28.1', '0.25.12' ],
15 silly audit   '@esbuild/linux-s390x': [ '0.28.1', '0.25.12' ],
15 silly audit   '@esbuild/linux-x64': [ '0.28.1', '0.25.12' ],
15 silly audit   '@esbuild/netbsd-arm64': [ '0.28.1', '0.25.12' ],
15 silly audit   '@esbuild/netbsd-x64': [ '0.28.1', '0.25.12' ],
15 silly audit   '@esbuild/openbsd-arm64': [ '0.28.1', '0.25.12' ],
15 silly audit   '@esbuild/openbsd-x64': [ '0.28.1', '0.25.12' ],
15 silly audit   '@esbuild/openharmony-arm64': [ '0.28.1', '0.25.12' ],
15 silly audit   '@esbuild/sunos-x64': [ '0.28.1', '0.25.12' ],
15 silly audit   '@esbuild/win32-arm64': [ '0.28.1', '0.25.12' ],
15 silly audit   '@esbuild/win32-ia32': [ '0.28.1', '0.25.12' ],
15 silly audit   '@esbuild/win32-x64': [ '0.28.1', '0.25.12' ],
15 silly audit   '@google/generative-ai': [ '0.24.1' ],
15 silly audit   '@hookform/resolvers': [ '3.10.0' ],
15 silly audit   '@jridgewell/gen-mapping': [ '0.3.13' ],
15 silly audit   '@jridgewell/remapping': [ '2.3.5' ],
15 silly audit   '@jridgewell/resolve-uri': [ '3.1.2' ],
15 silly audit   '@jridgewell/sourcemap-codec': [ '1.5.5' ],
15 silly audit   '@mediapipe/tasks-vision': [ '0.10.17' ],
15 silly audit   '@monogrid/gainmap-js': [ '3.4.0' ],
15 silly audit   '@nodelib/fs.scandir': [ '2.1.5' ],
15 silly audit   '@nodelib/fs.stat': [ '2.0.5' ],
15 silly audit   '@nodelib/fs.walk': [ '1.2.8' ],
15 silly audit   '@prisma/client': [ '6.19.3' ],
15 silly audit   '@prisma/config': [ '6.19.3' ],
15 silly audit   '@prisma/debug': [ '6.19.3' ],
15 silly audit   '@prisma/engines': [ '6.19.3' ],
15 silly audit   '@prisma/engines-version': [ '7.1.1-3.c2990dca591cba766e3b7ef5d9e8a84796e47ab7' ],
15 silly audit   '@prisma/fetch-engine': [ '6.19.3' ],
15 silly audit   '@prisma/get-platform': [ '6.19.3' ],
15 silly audit   '@react-three/drei': [ '10.7.7' ],
15 silly audit   '@react-three/fiber': [ '9.6.1' ],
15 silly audit   '@react-three/postprocessing': [ '3.0.4' ],
15 silly audit   maath: [ '0.6.0', '0.10.8' ],
15 silly audit   '@rolldown/pluginutils': [ '1.0.0-beta.27' ],
15 silly audit   '@rollup/rollup-android-arm-eabi': [ '4.62.2' ],
15 silly audit   '@rollup/rollup-android-arm64': [ '4.62.2' ],
15 silly audit   '@rollup/rollup-darwin-arm64': [ '4.62.2' ],
15 silly audit   '@rollup/rollup-darwin-x64': [ '4.62.2' ],
15 silly audit   '@rollup/rollup-freebsd-arm64': [ '4.62.2' ],
15 silly audit   '@rollup/rollup-freebsd-x64': [ '4.62.2' ],
15 silly audit   '@rollup/rollup-linux-arm-gnueabihf': [ '4.62.2' ],
15 silly audit   '@rollup/rollup-linux-arm-musleabihf': [ '4.62.2' ],
15 silly audit   '@rollup/rollup-linux-arm64-gnu': [ '4.62.2' ],
15 silly audit   '@rollup/rollup-linux-arm64-musl': [ '4.62.2' ],
15 silly audit   '@rollup/rollup-linux-loong64-gnu': [ '4.62.2' ],
15 silly audit   '@rollup/rollup-linux-loong64-musl': [ '4.62.2' ],
15 silly audit   '@rollup/rollup-linux-ppc64-gnu': [ '4.62.2' ],
15 silly audit   '@rollup/rollup-linux-ppc64-musl': [ '4.62.2' ],
15 silly audit   '@rollup/rollup-linux-riscv64-gnu': [ '4.62.2' ],
15 silly audit   '@rollup/rollup-linux-riscv64-musl': [ '4.62.2' ],
15 silly audit   '@rollup/rollup-linux-s390x-gnu': [ '4.62.2' ],
15 silly audit   '@rollup/rollup-linux-x64-gnu': [ '4.62.2' ],
15 silly audit   '@rollup/rollup-linux-x64-musl': [ '4.62.2' ],
15 silly audit   '@rollup/rollup-openbsd-x64': [ '4.62.2' ],
15 silly audit   '@rollup/rollup-openharmony-arm64': [ '4.62.2' ],
15 silly audit   '@rollup/rollup-win32-arm64-msvc': [ '4.62.2' ],
15 silly audit   '@rollup/rollup-win32-ia32-msvc': [ '4.62.2' ],
15 silly audit   '@rollup/rollup-win32-x64-gnu': [ '4.62.2' ],
15 silly audit   '@rollup/rollup-win32-x64-msvc': [ '4.62.2' ],
15 silly audit   '@standard-schema/spec': [ '1.1.0' ],
15 silly audit   '@tailwindcss/typography': [ '0.5.20' ],
15 silly audit   'postcss-selector-parser': [ '6.0.10', '6.1.4' ],
15 silly audit   '@tanstack/query-core': [ '5.101.2' ],
15 silly audit   '@tanstack/react-query': [ '5.101.2' ],
15 silly audit   '@tsconfig/node10': [ '1.0.12' ],
15 silly audit   '@tsconfig/node12': [ '1.0.11' ],
15 silly audit   '@tsconfig/node14': [ '1.0.3' ],
15 silly audit   '@tsconfig/node16': [ '1.0.4' ],
15 silly audit   '@tweenjs/tween.js': [ '23.1.3' ],
15 silly audit   '@types/babel__core': [ '7.20.5' ],
15 silly audit   '@types/babel__generator': [ '7.27.0' ],
15 silly audit   '@types/babel__template': [ '7.4.4' ],
15 silly audit   '@types/babel__traverse': [ '7.28.0' ],
15 silly audit   '@types/bcryptjs': [ '2.4.6' ],
15 silly audit   '@types/body-parser': [ '1.19.6' ],
15 silly audit   '@types/connect': [ '3.4.38' ],
15 silly audit   '@types/cors': [ '2.8.19' ],
15 silly audit   '@types/d3': [ '7.4.3' ],
15 silly audit   '@types/d3-array': [ '3.2.2' ],
15 silly audit   '@types/d3-axis': [ '3.0.6' ],
15 silly audit   '@types/d3-brush': [ '3.0.6' ],
15 silly audit   '@types/d3-chord': [ '3.0.6' ],
15 silly audit   '@types/d3-color': [ '3.1.3' ],
15 silly audit   '@types/d3-contour': [ '3.0.6' ],
15 silly audit   '@types/d3-delaunay': [ '6.0.4' ],
15 silly audit   '@types/d3-dispatch': [ '3.0.7' ],
15 silly audit   '@types/d3-drag': [ '3.0.7' ],
15 silly audit   '@types/d3-dsv': [ '3.0.7' ],
15 silly audit   '@types/d3-ease': [ '3.0.2' ],
15 silly audit   '@types/d3-fetch': [ '3.0.7' ],
15 silly audit   '@types/d3-force': [ '3.0.10' ],
15 silly audit   '@types/d3-format': [ '3.0.4' ],
15 silly audit   '@types/d3-geo': [ '3.1.0' ],
15 silly audit   '@types/d3-hierarchy': [ '3.1.7' ],
15 silly audit   '@types/d3-interpolate': [ '3.0.4' ],
15 silly audit   '@types/d3-path': [ '3.1.1' ],
15 silly audit   '@types/d3-polygon': [ '3.0.2' ],
15 silly audit   '@types/d3-quadtree': [ '3.0.6' ],
15 silly audit   '@types/d3-random': [ '3.0.4' ],
15 silly audit   '@types/d3-scale': [ '4.0.9' ],
15 silly audit   '@types/d3-scale-chromatic': [ '3.1.0' ],
15 silly audit   '@types/d3-selection': [ '3.0.11' ],
15 silly audit   '@types/d3-shape': [ '3.1.8' ],
15 silly audit   '@types/d3-time': [ '3.0.4' ],
15 silly audit   '@types/d3-time-format': [ '4.0.3' ],
15 silly audit   '@types/d3-timer': [ '3.0.2' ],
15 silly audit   '@types/d3-transition': [ '3.0.9' ],
15 silly audit   '@types/d3-zoom': [ '3.0.8' ],
15 silly audit   '@types/debug': [ '4.1.13' ],
15 silly audit   '@types/draco3d': [ '1.4.10' ],
15 silly audit   '@types/estree': [ '1.0.9' ],
15 silly audit   '@types/estree-jsx': [ '1.0.5' ],
15 silly audit   '@types/express': [ '5.0.6' ],
15 silly audit   '@types/express-serve-static-core': [ '5.1.2' ],
15 silly audit   '@types/geojson': [ '7946.0.16' ],
15 silly audit   '@types/hast': [ '3.0.5' ],
15 silly audit   '@types/http-errors': [ '2.0.5' ],
15 silly audit   '@types/jsonwebtoken': [ '9.0.10' ],
15 silly audit   '@types/mdast': [ '4.0.4' ],
15 silly audit   '@types/ms': [ '2.1.0' ],
15 silly audit   '@types/node': [ '22.20.1' ],
15 silly audit   '@types/offscreencanvas': [ '2019.7.3' ],
15 silly audit   '@types/qs': [ '6.15.1' ],
15 silly audit   '@types/range-parser': [ '1.2.7' ],
15 silly audit   '@types/react': [ '19.2.17' ],
15 silly audit   '@types/react-dom': [ '19.2.3' ],
15 silly audit   '@types/react-reconciler': [ '0.28.9' ],
15 silly audit   '@types/send': [ '1.2.1' ],
15 silly audit   '@types/serve-static': [ '2.2.0' ],
15 silly audit   '@types/stats.js': [ '0.17.4' ],
15 silly audit   '@types/three': [ '0.171.0' ],
15 silly audit   '@types/unist': [ '3.0.3', '2.0.11' ],
15 silly audit   '@types/webxr': [ '0.5.24' ],
15 silly audit   '@ungap/structured-clone': [ '1.3.3' ],
15 silly audit   '@use-gesture/core': [ '10.3.1' ],
15 silly audit   '@use-gesture/react': [ '10.3.1' ],
15 silly audit   '@vitejs/plugin-react': [ '4.7.0' ],
15 silly audit   '@webgpu/types': [ '0.1.71' ],
15 silly audit   accepts: [ '1.3.8' ],
15 silly audit   acorn: [ '8.17.0' ],
15 silly audit   'acorn-walk': [ '8.3.5' ],
15 silly audit   'ansi-regex': [ '5.0.1' ],
15 silly audit   'ansi-styles': [ '4.3.0' ],
15 silly audit   'any-promise': [ '1.3.0' ],
15 silly audit   anymatch: [ '3.1.3' ],
15 silly audit   picomatch: [ '2.3.2', '4.0.5' ],
15 silly audit   arg: [ '5.0.2', '4.1.3' ],
15 silly audit   'array-flatten': [ '1.1.1' ],
15 silly audit   autoprefixer: [ '10.5.4' ],
15 silly audit   bail: [ '2.0.2' ],
15 silly audit   'base64-js': [ '1.5.1' ],
15 silly audit   'baseline-browser-mapping': [ '2.10.43' ],
15 silly audit   bcryptjs: [ '3.0.3' ],
15 silly audit   'bidi-js': [ '1.0.3' ],
15 silly audit   'binary-extensions': [ '2.3.0' ],
15 silly audit   'body-parser': [ '1.20.6' ],
15 silly audit   debug: [ '2.6.9', '4.4.3' ],
15 silly audit   'iconv-lite': [ '0.4.24', '0.6.3' ],
15 silly audit   ms: [ '2.0.0', '2.1.3' ],
15 silly audit   braces: [ '3.0.3' ],
15 silly audit   browserslist: [ '4.28.6' ],
15 silly audit   buffer: [ '6.0.3' ],
15 silly audit   'buffer-equal-constant-time': [ '1.0.1' ],
15 silly audit   bytes: [ '3.1.2' ],
15 silly audit   c12: [ '3.1.0' ],
15 silly audit   'call-bind-apply-helpers': [ '1.0.2' ],
15 silly audit   'call-bound': [ '1.0.4' ],
15 silly audit   'camelcase-css': [ '2.0.1' ],
15 silly audit   'camera-controls': [ '3.1.2' ],
15 silly audit   'caniuse-lite': [ '1.0.30001806' ],
15 silly audit   ccount: [ '2.0.1' ],
15 silly audit   chalk: [ '4.1.2' ],
15 silly audit   'supports-color': [ '7.2.0', '8.1.1' ],
15 silly audit   'character-entities': [ '2.0.2' ],
15 silly audit   'character-entities-html4': [ '2.1.0' ],
15 silly audit   'character-entities-legacy': [ '3.0.0' ],
15 silly audit   'character-reference-invalid': [ '2.0.1' ],
15 silly audit   chokidar: [ '4.0.3', '3.6.0' ],
15 silly audit   citty: [ '0.1.6', '0.2.2' ],
15 silly audit   cliui: [ '8.0.1' ],
15 silly audit   clsx: [ '2.1.1' ],
15 silly audit   'color-convert': [ '2.0.1' ],
15 silly audit   'color-name': [ '1.1.4' ],
15 silly audit   'comma-separated-tokens': [ '2.0.3' ],
15 silly audit   commander: [ '7.2.0', '4.1.1' ],
15 silly audit   concurrently: [ '9.2.4' ],
15 silly audit   confbox: [ '0.2.4' ],
15 silly audit   consola: [ '3.4.2' ],
15 silly audit   'content-disposition': [ '0.5.4' ],
15 silly audit   'content-type': [ '1.0.5' ],
15 silly audit   'convert-source-map': [ '2.0.0' ],
15 silly audit   cookie: [ '0.7.2', '1.1.1' ],
15 silly audit   'cookie-signature': [ '1.0.7' ],
15 silly audit   cors: [ '2.8.6' ],
15 silly audit   'create-require': [ '1.1.1' ],
15 silly audit   'cross-env': [ '7.0.3' ],
15 silly audit   'cross-spawn': [ '7.0.6' ],
15 silly audit   cssesc: [ '3.0.0' ],
15 silly audit   csstype: [ '3.2.3' ],
15 silly audit   d3: [ '7.9.0' ],
15 silly audit   'd3-array': [ '3.2.4' ],
15 silly audit   'd3-axis': [ '3.0.0' ],
15 silly audit   'd3-brush': [ '3.0.0' ],
15 silly audit   'd3-chord': [ '3.0.1' ],
15 silly audit   'd3-color': [ '3.1.0' ],
15 silly audit   'd3-contour': [ '4.0.2' ],
15 silly audit   'd3-delaunay': [ '6.0.4' ],
15 silly audit   'd3-dispatch': [ '3.0.1' ],
15 silly audit   'd3-drag': [ '3.0.0' ],
15 silly audit   'd3-dsv': [ '3.0.1' ],
15 silly audit   'd3-ease': [ '3.0.1' ],
15 silly audit   'd3-fetch': [ '3.0.1' ],
15 silly audit   'd3-force': [ '3.0.0' ],
15 silly audit   'd3-format': [ '3.1.2' ],
15 silly audit   'd3-geo': [ '3.1.1' ],
15 silly audit   'd3-hierarchy': [ '3.1.2' ],
15 silly audit   'd3-interpolate': [ '3.0.1' ],
15 silly audit   'd3-path': [ '3.1.0' ],
15 silly audit   'd3-polygon': [ '3.0.1' ],
15 silly audit   'd3-quadtree': [ '3.0.1' ],
15 silly audit   'd3-random': [ '3.0.1' ],
15 silly audit   'd3-scale': [ '4.0.2' ],
15 silly audit   'd3-scale-chromatic': [ '3.1.0' ],
15 silly audit   'd3-selection': [ '3.0.0' ],
15 silly audit   'd3-shape': [ '3.2.0' ],
15 silly audit   'd3-time': [ '3.1.0' ],
15 silly audit   'd3-time-format': [ '4.1.0' ],
15 silly audit   'd3-timer': [ '3.0.1' ],
15 silly audit   'd3-transition': [ '3.0.1' ],
15 silly audit   'd3-zoom': [ '3.0.0' ],
15 silly audit   'decimal.js-light': [ '2.5.1' ],
15 silly audit   'decode-named-character-reference': [ '1.3.0' ],
15 silly audit   'deepmerge-ts': [ '7.1.5' ],
15 silly audit   defu: [ '6.1.7' ],
15 silly audit   delaunator: [ '5.1.0' ],
15 silly audit   depd: [ '2.0.0' ],
15 silly audit   dequal: [ '2.0.3' ],
15 silly audit   destr: [ '2.0.5' ],
15 silly audit   destroy: [ '1.2.0' ],
15 silly audit   'detect-gpu': [ '5.0.70' ],
15 silly audit   devlop: [ '1.1.0' ],
15 silly audit   didyoumean: [ '1.2.2' ],
15 silly audit   diff: [ '4.0.4' ],
15 silly audit   dlv: [ '1.1.3' ],
15 silly audit   'dom-helpers': [ '5.2.1' ],
15 silly audit   dotenv: [ '16.6.1' ],
15 silly audit   draco3d: [ '1.5.7' ],
15 silly audit   'dunder-proto': [ '1.0.1' ],
15 silly audit   'ecdsa-sig-formatter': [ '1.0.11' ],
15 silly audit   'ee-first': [ '1.1.1' ],
15 silly audit   effect: [ '3.21.0' ],
15 silly audit   'electron-to-chromium': [ '1.5.393' ],
15 silly audit   'emoji-regex': [ '8.0.0' ],
15 silly audit   empathic: [ '2.0.0' ],
15 silly audit   encodeurl: [ '2.0.0' ],
15 silly audit   'es-define-property': [ '1.0.1' ],
15 silly audit   'es-errors': [ '1.3.0' ],
15 silly audit   'es-object-atoms': [ '1.1.2' ],
15 silly audit   esbuild: [ '0.28.1', '0.25.12' ],
15 silly audit   escalade: [ '3.2.0' ],
15 silly audit   'escape-html': [ '1.0.3' ],
15 silly audit   'estree-util-is-identifier-name': [ '3.0.0' ],
15 silly audit   etag: [ '1.8.1' ],
15 silly audit   eventemitter3: [ '4.0.7' ],
15 silly audit   express: [ '4.22.2' ],
15 silly audit   exsolve: [ '1.1.0' ],
15 silly audit   extend: [ '3.0.2' ],
15 silly audit   'fast-check': [ '3.23.2' ],
15 silly audit   'fast-equals': [ '5.4.1' ],
15 silly audit   'fast-glob': [ '3.3.3' ],
15 silly audit   'glob-parent': [ '5.1.2', '6.0.2' ],
15 silly audit   fastq: [ '1.20.1' ],
15 silly audit   fdir: [ '6.5.0' ],
15 silly audit   fflate: [ '0.8.3', '0.6.10' ],
15 silly audit   'fill-range': [ '7.1.1' ],
15 silly audit   finalhandler: [ '1.3.2' ],
15 silly audit   forwarded: [ '0.2.0' ],
15 silly audit   'fraction.js': [ '5.3.4' ],
15 silly audit   'framer-motion': [ '11.18.2' ],
15 silly audit   fresh: [ '0.5.2' ],
15 silly audit   fsevents: [ '2.3.3' ],
15 silly audit   'function-bind': [ '1.1.2' ],
15 silly audit   gensync: [ '1.0.0-beta.2' ],
15 silly audit   'get-caller-file': [ '2.0.5' ],
15 silly audit   'get-intrinsic': [ '1.3.0' ],
15 silly audit   'get-proto': [ '1.0.1' ],
15 silly audit   giget: [ '2.0.0' ],
15 silly audit   'glsl-noise': [ '0.0.0' ],
15 silly audit   gopd: [ '1.2.0' ],
15 silly audit   gsap: [ '3.15.0' ],
15 silly audit   'has-flag': [ '4.0.0' ],
15 silly audit   'has-symbols': [ '1.1.0' ],
15 silly audit   hasown: [ '2.0.4' ],
15 silly audit   'hast-util-to-jsx-runtime': [ '2.3.6' ],
15 silly audit   'hast-util-whitespace': [ '3.0.0' ],
15 silly audit   'hls.js': [ '1.6.16' ],
15 silly audit   'html-url-attributes': [ '3.0.1' ],
15 silly audit   'http-errors': [ '2.0.1' ],
15 silly audit   ieee754: [ '1.2.1' ],
15 silly audit   immediate: [ '3.0.6' ],
15 silly audit   inherits: [ '2.0.4' ],
15 silly audit   'inline-style-parser': [ '0.2.7' ],
15 silly audit   internmap: [ '2.0.3' ],
15 silly audit   'ipaddr.js': [ '1.9.1' ],
15 silly audit   'is-alphabetical': [ '2.0.1' ],
15 silly audit   'is-alphanumerical': [ '2.0.1' ],
15 silly audit   'is-binary-path': [ '2.1.0' ],
15 silly audit   'is-core-module': [ '2.16.2' ],
15 silly audit   'is-decimal': [ '2.0.1' ],
15 silly audit   'is-extglob': [ '2.1.1' ],
15 silly audit   'is-fullwidth-code-point': [ '3.0.0' ],
15 silly audit   'is-glob': [ '4.0.3' ],
15 silly audit   'is-hexadecimal': [ '2.0.1' ],
15 silly audit   'is-number': [ '7.0.0' ],
15 silly audit   'is-plain-obj': [ '4.1.0' ],
15 silly audit   'is-promise': [ '2.2.2' ],
15 silly audit   isexe: [ '2.0.0' ],
15 silly audit   'its-fine': [ '2.0.0' ],
15 silly audit   jiti: [ '2.7.0', '1.21.7' ],
15 silly audit   'js-tokens': [ '4.0.0' ],
15 silly audit   jsesc: [ '3.1.0' ],
15 silly audit   json5: [ '2.2.3' ],
15 silly audit   jsonwebtoken: [ '9.0.3' ],
15 silly audit   semver: [ '7.8.5', '6.3.1' ],
15 silly audit   jwa: [ '2.0.1' ],
15 silly audit   jws: [ '4.0.1' ],
15 silly audit   lie: [ '3.3.0' ],
15 silly audit   lilconfig: [ '3.1.3' ],
15 silly audit   'lines-and-columns': [ '1.2.4' ],
15 silly audit   lodash: [ '4.18.1' ],
15 silly audit   'lodash.includes': [ '4.3.0' ],
15 silly audit   'lodash.isboolean': [ '3.0.3' ],
15 silly audit   'lodash.isinteger': [ '4.0.4' ],
15 silly audit   'lodash.isnumber': [ '3.0.3' ],
15 silly audit   'lodash.isplainobject': [ '4.0.6' ],
15 silly audit   'lodash.isstring': [ '4.0.1' ],
15 silly audit   'lodash.once': [ '4.1.1' ],
15 silly audit   'longest-streak': [ '3.1.0' ],
15 silly audit   'loose-envify': [ '1.4.0' ],
15 silly audit   'lru-cache': [ '5.1.1' ],
15 silly audit   'lucide-react': [ '1.25.0' ],
15 silly audit   'make-error': [ '1.3.6' ],
15 silly audit   'math-intrinsics': [ '1.1.0' ],
15 silly audit   'mdast-util-from-markdown': [ '2.0.3' ],
15 silly audit   'mdast-util-mdx-expression': [ '2.0.1' ],
15 silly audit   'mdast-util-mdx-jsx': [ '3.2.0' ],
15 silly audit   'mdast-util-mdxjs-esm': [ '2.0.1' ],
15 silly audit   'mdast-util-phrasing': [ '4.1.0' ],
15 silly audit   'mdast-util-to-hast': [ '13.2.1' ],
15 silly audit   'mdast-util-to-markdown': [ '2.1.2' ],
15 silly audit   'mdast-util-to-string': [ '4.0.0' ],
15 silly audit   'media-typer': [ '0.3.0' ],
15 silly audit   'merge-descriptors': [ '1.0.3' ],
15 silly audit   merge2: [ '1.4.1' ],
15 silly audit   meshline: [ '3.3.1' ],
15 silly audit   meshoptimizer: [ '0.18.1' ],
15 silly audit   methods: [ '1.1.2' ],
15 silly audit   micromark: [ '4.0.2' ],
15 silly audit   'micromark-core-commonmark': [ '2.0.3' ],
15 silly audit   'micromark-factory-destination': [ '2.0.1' ],
15 silly audit   'micromark-factory-label': [ '2.0.1' ],
15 silly audit   'micromark-factory-space': [ '2.0.1' ],
15 silly audit   'micromark-factory-title': [ '2.0.1' ],
15 silly audit   'micromark-factory-whitespace': [ '2.0.1' ],
15 silly audit   'micromark-util-character': [ '2.1.1' ],
15 silly audit   'micromark-util-chunked': [ '2.0.1' ],
15 silly audit   'micromark-util-classify-character': [ '2.0.1' ],
15 silly audit   'micromark-util-combine-extensions': [ '2.0.1' ],
15 silly audit   'micromark-util-decode-numeric-character-reference': [ '2.0.2' ],
15 silly audit   'micromark-util-decode-string': [ '2.0.1' ],
15 silly audit   'micromark-util-encode': [ '2.0.1' ],
15 silly audit   'micromark-util-html-tag-name': [ '2.0.1' ],
15 silly audit   'micromark-util-normalize-identifier': [ '2.0.1' ],
15 silly audit   'micromark-util-resolve-all': [ '2.0.1' ],
15 silly audit   'micromark-util-sanitize-uri': [ '2.0.1' ],
15 silly audit   'micromark-util-subtokenize': [ '2.1.0' ],
15 silly audit   'micromark-util-symbol': [ '2.0.1' ],
15 silly audit   'micromark-util-types': [ '2.0.2' ],
15 silly audit   micromatch: [ '4.0.8' ],
15 silly audit   mime: [ '1.6.0' ],
15 silly audit   'mime-db': [ '1.52.0' ],
15 silly audit   'mime-types': [ '2.1.35' ],
15 silly audit   'motion-dom': [ '11.18.1' ],
15 silly audit   'motion-utils': [ '11.18.1' ],
15 silly audit   mz: [ '2.7.0' ],
15 silly audit   n8ao: [ '1.10.3' ],
15 silly audit   nanoid: [ '3.3.16' ],
15 silly audit   negotiator: [ '0.6.3' ],
15 silly audit   'node-fetch-native': [ '1.6.7' ],
15 silly audit   'node-releases': [ '2.0.51' ],
15 silly audit   'normalize-path': [ '3.0.0' ],
15 silly audit   nypm: [ '0.6.8' ],
15 silly audit   'object-assign': [ '4.1.1' ],
15 silly audit   'object-hash': [ '3.0.0' ],
15 silly audit   'object-inspect': [ '1.13.4' ],
15 silly audit   ogl: [ '1.0.11' ],
15 silly audit   ohash: [ '2.0.11' ],
15 silly audit   'on-finished': [ '2.4.1' ],
15 silly audit   'parse-entities': [ '4.0.2' ],
15 silly audit   parseurl: [ '1.3.3' ],
15 silly audit   'path-key': [ '3.1.1' ],
15 silly audit   'path-parse': [ '1.0.7' ],
15 silly audit   'path-to-regexp': [ '0.1.13' ],
15 silly audit   pathe: [ '2.0.3' ],
15 silly audit   'perfect-debounce': [ '1.0.0' ],
15 silly audit   picocolors: [ '1.1.1' ],
15 silly audit   pify: [ '2.3.0' ],
15 silly audit   pirates: [ '4.0.7' ],
15 silly audit   'pkg-types': [ '2.3.1' ],
15 silly audit   postcss: [ '8.5.20' ],
15 silly audit   'postcss-import': [ '15.1.0' ],
15 silly audit   'postcss-js': [ '4.1.0' ],
15 silly audit   'postcss-load-config': [ '6.0.1' ],
15 silly audit   'postcss-nested': [ '6.2.0' ],
15 silly audit   'postcss-value-parser': [ '4.2.0' ],
15 silly audit   postprocessing: [ '6.39.3' ],
15 silly audit   potpack: [ '1.0.2' ],
15 silly audit   prisma: [ '6.19.3' ],
15 silly audit   'promise-worker-transferable': [ '1.0.4' ],
15 silly audit   'prop-types': [ '15.8.1' ],
15 silly audit   'property-information': [ '7.2.0' ],
15 silly audit   'proxy-addr': [ '2.0.7' ],
15 silly audit   'pure-rand': [ '6.1.0' ],
15 silly audit   qs: [ '6.15.3' ],
15 silly audit   'queue-microtask': [ '1.2.3' ],
15 silly audit   'range-parser': [ '1.2.1' ],
15 silly audit   'raw-body': [ '2.5.3' ],
15 silly audit   rc9: [ '2.1.2' ],
15 silly audit   react: [ '19.2.7' ],
15 silly audit   'react-dom': [ '19.2.7' ],
15 silly audit   'react-hook-form': [ '7.82.0' ],
15 silly audit   'react-is': [ '16.13.1', '18.3.1' ],
15 silly audit   'react-markdown': [ '10.1.0' ],
15 silly audit   'react-refresh': [ '0.17.0' ],
15 silly audit   'react-router': [ '7.18.1' ],
15 silly audit   'react-router-dom': [ '7.18.1' ],
15 silly audit   'react-smooth': [ '4.0.4' ],
15 silly audit   'react-transition-group': [ '4.4.5' ],
15 silly audit   'react-use-measure': [ '2.1.7' ],
15 silly audit   'read-cache': [ '1.0.0' ],
15 silly audit   readdirp: [ '4.1.2', '3.6.0' ],
15 silly audit   recharts: [ '2.15.4' ],
15 silly audit   'recharts-scale': [ '0.4.5' ],
15 silly audit   'remark-parse': [ '11.0.0' ],
15 silly audit   'remark-rehype': [ '11.1.2' ],
15 silly audit   'require-directory': [ '2.1.1' ],
15 silly audit   'require-from-string': [ '2.0.2' ],
15 silly audit   resolve: [ '1.22.12' ],
15 silly audit   reusify: [ '1.1.0' ],
15 silly audit   'robust-predicates': [ '3.0.3' ],
15 silly audit   rollup: [ '4.62.2' ],
15 silly audit   'run-parallel': [ '1.2.0' ],
15 silly audit   rw: [ '1.3.3' ],
15 silly audit   rxjs: [ '7.8.2' ],
15 silly audit   'safe-buffer': [ '5.2.1' ],
15 silly audit   'safer-buffer': [ '2.1.2' ],
15 silly audit   scheduler: [ '0.27.0' ],
15 silly audit   send: [ '0.19.2' ],
15 silly audit   'serve-static': [ '1.16.3' ],
15 silly audit   'set-cookie-parser': [ '2.7.2' ],
15 silly audit   setprototypeof: [ '1.2.0' ],
15 silly audit   'shebang-command': [ '2.0.0' ],
15 silly audit   'shebang-regex': [ '3.0.0' ],
15 silly audit   'shell-quote': [ '1.9.0' ],
15 silly audit   'side-channel': [ '1.1.1' ],
15 silly audit   'side-channel-list': [ '1.0.1' ],
15 silly audit   'side-channel-map': [ '1.0.1' ],
15 silly audit   'side-channel-weakmap': [ '1.0.2' ],
15 silly audit   'source-map-js': [ '1.2.1' ],
15 silly audit   'space-separated-tokens': [ '2.0.2' ],
15 silly audit   'stats-gl': [ '2.4.2' ],
15 silly audit   three: [ '0.170.0', '0.172.0' ],
15 silly audit   'stats.js': [ '0.17.0' ],
15 silly audit   statuses: [ '2.0.2' ],
15 silly audit   'string-width': [ '4.2.3' ],
15 silly audit   'stringify-entities': [ '4.0.4' ],
15 silly audit   'strip-ansi': [ '6.0.1' ],
15 silly audit   'style-to-js': [ '1.1.21' ],
15 silly audit   'style-to-object': [ '1.0.14' ],
15 silly audit   sucrase: [ '3.35.1' ],
15 silly audit   'supports-preserve-symlinks-flag': [ '1.0.0' ],
15 silly audit   'suspend-react': [ '0.1.3' ],
15 silly audit   'tailwind-merge': [ '2.6.1' ],
15 silly audit   tailwindcss: [ '3.4.19' ],
15 silly audit   thenify: [ '3.3.1' ],
15 silly audit   'thenify-all': [ '1.6.0' ],
15 silly audit   'three-mesh-bvh': [ '0.8.3' ],
15 silly audit   'three-stdlib': [ '2.36.1' ],
15 silly audit   'tiny-invariant': [ '1.3.3' ],
15 silly audit   tinyexec: [ '1.2.4' ],
15 silly audit   tinyglobby: [ '0.2.17' ],
15 silly audit   'to-regex-range': [ '5.0.1' ],
15 silly audit   toidentifier: [ '1.0.1' ],
15 silly audit   'tree-kill': [ '1.2.2' ],
15 silly audit   'trim-lines': [ '3.0.1' ],
15 silly audit   'troika-three-text': [ '0.52.4' ],
15 silly audit   'troika-three-utils': [ '0.52.4' ],
15 silly audit   'troika-worker-utils': [ '0.52.0' ],
15 silly audit   trough: [ '2.2.0' ],
15 silly audit   'ts-interface-checker': [ '0.1.13' ],
15 silly audit   'ts-node': [ '10.9.2' ],
15 silly audit   tslib: [ '2.8.1' ],
15 silly audit   tsx: [ '4.23.1' ],
15 silly audit   'tunnel-rat': [ '0.1.2' ],
15 silly audit   zustand: [ '4.5.7', '5.0.14' ],
15 silly audit   'type-is': [ '1.6.18' ],
15 silly audit   typescript: [ '5.9.3' ],
15 silly audit   'undici-types': [ '6.21.0' ],
15 silly audit   unified: [ '11.0.5' ],
15 silly audit   'unist-util-is': [ '6.0.1' ],
15 silly audit   'unist-util-position': [ '5.0.0' ],
15 silly audit   'unist-util-stringify-position': [ '4.0.0' ],
15 silly audit   'unist-util-visit': [ '5.1.0' ],
15 silly audit   'unist-util-visit-parents': [ '6.0.2' ],
15 silly audit   unpipe: [ '1.0.0' ],
15 silly audit   'update-browserslist-db': [ '1.2.3' ],
15 silly audit   'use-sync-external-store': [ '1.6.0' ],
15 silly audit   'util-deprecate': [ '1.0.2' ],
15 silly audit   'utility-types': [ '3.11.0' ],
15 silly audit   'utils-merge': [ '1.0.1' ],
15 silly audit   'v8-compile-cache-lib': [ '3.0.1' ],
15 silly audit   vary: [ '1.1.2' ],
15 silly audit   vfile: [ '6.0.3' ],
15 silly audit   'vfile-message': [ '4.0.3' ],
15 silly audit   'victory-vendor': [ '36.9.2' ],
15 silly audit   vite: [ '6.4.3' ],
15 silly audit   'webgl-constants': [ '1.1.1' ],
15 silly audit   'webgl-sdf-generator': [ '1.1.1' ],
15 silly audit   which: [ '2.0.2' ],
15 silly audit   'wrap-ansi': [ '7.0.0' ],
15 silly audit   y18n: [ '5.0.8' ],
15 silly audit   yallist: [ '3.1.1' ],
15 silly audit   yargs: [ '17.7.2' ],
15 silly audit   'yargs-parser': [ '21.1.1' ],
15 silly audit   yn: [ '3.1.1' ],
15 silly audit   zod: [ '3.25.76' ],
15 silly audit   zwitch: [ '2.0.4' ]
15 silly audit }
16 http cache zwitch@https://registry.npmjs.org/zwitch/-/zwitch-2.0.4.tgz 0ms (cache hit)
17 http cache zustand@https://registry.npmjs.org/zustand/-/zustand-5.0.14.tgz 0ms (cache hit)
18 http cache yargs-parser@https://registry.npmjs.org/yargs-parser/-/yargs-parser-21.1.1.tgz 0ms (cache hit)
19 http cache yn@https://registry.npmjs.org/yn/-/yn-3.1.1.tgz 0ms (cache hit)
20 http cache yargs@https://registry.npmjs.org/yargs/-/yargs-17.7.2.tgz 0ms (cache hit)
21 http cache y18n@https://registry.npmjs.org/y18n/-/y18n-5.0.8.tgz 0ms (cache hit)
22 http cache yallist@https://registry.npmjs.org/yallist/-/yallist-3.1.1.tgz 0ms (cache hit)
23 http cache webgl-sdf-generator@https://registry.npmjs.org/webgl-sdf-generator/-/webgl-sdf-generator-1.1.1.tgz 0ms (cache hit)
24 http cache which@https://registry.npmjs.org/which/-/which-2.0.2.tgz 0ms (cache hit)
25 http cache webgl-constants@https://registry.npmjs.org/webgl-constants/-/webgl-constants-1.1.1.tgz 0ms (cache hit)
26 http cache zod@https://registry.npmjs.org/zod/-/zod-3.25.76.tgz 0ms (cache hit)
27 http cache wrap-ansi@https://registry.npmjs.org/wrap-ansi/-/wrap-ansi-7.0.0.tgz 0ms (cache hit)
28 http cache vfile-message@https://registry.npmjs.org/vfile-message/-/vfile-message-4.0.3.tgz 0ms (cache hit)
29 http cache vfile@https://registry.npmjs.org/vfile/-/vfile-6.0.3.tgz 0ms (cache hit)
30 http cache vite@https://registry.npmjs.org/vite/-/vite-6.4.3.tgz 0ms (cache hit)
31 http cache vary@https://registry.npmjs.org/vary/-/vary-1.1.2.tgz 0ms (cache hit)
32 http cache v8-compile-cache-lib@https://registry.npmjs.org/v8-compile-cache-lib/-/v8-compile-cache-lib-3.0.1.tgz 0ms (cache hit)
33 http cache utility-types@https://registry.npmjs.org/utility-types/-/utility-types-3.11.0.tgz 0ms (cache hit)
34 http cache util-deprecate@https://registry.npmjs.org/util-deprecate/-/util-deprecate-1.0.2.tgz 0ms (cache hit)
35 http cache use-sync-external-store@https://registry.npmjs.org/use-sync-external-store/-/use-sync-external-store-1.6.0.tgz 0ms (cache hit)
36 http cache update-browserslist-db@https://registry.npmjs.org/update-browserslist-db/-/update-browserslist-db-1.2.3.tgz 0ms (cache hit)
37 http cache unpipe@https://registry.npmjs.org/unpipe/-/unpipe-1.0.0.tgz 0ms (cache hit)
38 http cache unist-util-visit-parents@https://registry.npmjs.org/unist-util-visit-parents/-/unist-util-visit-parents-6.0.2.tgz 0ms (cache hit)
39 http cache victory-vendor@https://registry.npmjs.org/victory-vendor/-/victory-vendor-36.9.2.tgz 0ms (cache hit)
40 http cache unist-util-stringify-position@https://registry.npmjs.org/unist-util-stringify-position/-/unist-util-stringify-position-4.0.0.tgz 0ms (cache hit)
41 http cache unist-util-visit@https://registry.npmjs.org/unist-util-visit/-/unist-util-visit-5.1.0.tgz 0ms (cache hit)
42 http cache unist-util-position@https://registry.npmjs.org/unist-util-position/-/unist-util-position-5.0.0.tgz 0ms (cache hit)
43 http cache utils-merge@https://registry.npmjs.org/utils-merge/-/utils-merge-1.0.1.tgz 0ms (cache hit)
44 http cache undici-types@https://registry.npmjs.org/undici-types/-/undici-types-6.21.0.tgz 0ms (cache hit)
45 http cache unist-util-is@https://registry.npmjs.org/unist-util-is/-/unist-util-is-6.0.1.tgz 0ms (cache hit)
46 http cache unified@https://registry.npmjs.org/unified/-/unified-11.0.5.tgz 0ms (cache hit)
47 http cache type-is@https://registry.npmjs.org/type-is/-/type-is-1.6.18.tgz 0ms (cache hit)
48 http cache typescript@https://registry.npmjs.org/typescript/-/typescript-5.9.3.tgz 0ms (cache hit)
49 http cache tslib@https://registry.npmjs.org/tslib/-/tslib-2.8.1.tgz 0ms (cache hit)
50 http cache tunnel-rat@https://registry.npmjs.org/tunnel-rat/-/tunnel-rat-0.1.2.tgz 0ms (cache hit)
51 http cache tsx@https://registry.npmjs.org/tsx/-/tsx-4.23.1.tgz 0ms (cache hit)
52 http cache ts-interface-checker@https://registry.npmjs.org/ts-interface-checker/-/ts-interface-checker-0.1.13.tgz 0ms (cache hit)
53 http cache troika-worker-utils@https://registry.npmjs.org/troika-worker-utils/-/troika-worker-utils-0.52.0.tgz 0ms (cache hit)
54 http cache trough@https://registry.npmjs.org/trough/-/trough-2.2.0.tgz 0ms (cache hit)
55 http cache troika-three-utils@https://registry.npmjs.org/troika-three-utils/-/troika-three-utils-0.52.4.tgz 0ms (cache hit)
56 http cache trim-lines@https://registry.npmjs.org/trim-lines/-/trim-lines-3.0.1.tgz 0ms (cache hit)
57 http cache ts-node@https://registry.npmjs.org/ts-node/-/ts-node-10.9.2.tgz 0ms (cache hit)
58 http cache tree-kill@https://registry.npmjs.org/tree-kill/-/tree-kill-1.2.2.tgz 0ms (cache hit)
59 http cache toidentifier@https://registry.npmjs.org/toidentifier/-/toidentifier-1.0.1.tgz 0ms (cache hit)
60 http cache tinyglobby@https://registry.npmjs.org/tinyglobby/-/tinyglobby-0.2.17.tgz 0ms (cache hit)
61 http cache to-regex-range@https://registry.npmjs.org/to-regex-range/-/to-regex-range-5.0.1.tgz 0ms (cache hit)
62 http cache tinyexec@https://registry.npmjs.org/tinyexec/-/tinyexec-1.2.4.tgz 0ms (cache hit)
63 http cache tiny-invariant@https://registry.npmjs.org/tiny-invariant/-/tiny-invariant-1.3.3.tgz 0ms (cache hit)
64 http cache three-stdlib@https://registry.npmjs.org/three-stdlib/-/three-stdlib-2.36.1.tgz 0ms (cache hit)
65 http cache three-mesh-bvh@https://registry.npmjs.org/three-mesh-bvh/-/three-mesh-bvh-0.8.3.tgz 0ms (cache hit)
66 http cache thenify@https://registry.npmjs.org/thenify/-/thenify-3.3.1.tgz 0ms (cache hit)
67 http cache thenify-all@https://registry.npmjs.org/thenify-all/-/thenify-all-1.6.0.tgz 0ms (cache hit)
68 http cache tailwindcss@https://registry.npmjs.org/tailwindcss/-/tailwindcss-3.4.19.tgz 0ms (cache hit)
69 http cache tailwind-merge@https://registry.npmjs.org/tailwind-merge/-/tailwind-merge-2.6.1.tgz 0ms (cache hit)
70 http cache suspend-react@https://registry.npmjs.org/suspend-react/-/suspend-react-0.1.3.tgz 0ms (cache hit)
71 http cache troika-three-text@https://registry.npmjs.org/troika-three-text/-/troika-three-text-0.52.4.tgz 0ms (cache hit)
72 http cache supports-preserve-symlinks-flag@https://registry.npmjs.org/supports-preserve-symlinks-flag/-/supports-preserve-symlinks-flag-1.0.0.tgz 0ms (cache hit)
73 http cache supports-color@https://registry.npmjs.org/supports-color/-/supports-color-8.1.1.tgz 0ms (cache hit)
74 http cache sucrase@https://registry.npmjs.org/sucrase/-/sucrase-3.35.1.tgz 0ms (cache hit)
75 http cache three@https://registry.npmjs.org/three/-/three-0.172.0.tgz 0ms (cache hit)
76 http cache style-to-object@https://registry.npmjs.org/style-to-object/-/style-to-object-1.0.14.tgz 0ms (cache hit)
77 http cache style-to-js@https://registry.npmjs.org/style-to-js/-/style-to-js-1.1.21.tgz 0ms (cache hit)
78 http cache strip-ansi@https://registry.npmjs.org/strip-ansi/-/strip-ansi-6.0.1.tgz 0ms (cache hit)
79 http cache stringify-entities@https://registry.npmjs.org/stringify-entities/-/stringify-entities-4.0.4.tgz 0ms (cache hit)
80 http cache string-width@https://registry.npmjs.org/string-width/-/string-width-4.2.3.tgz 0ms (cache hit)
81 http cache statuses@https://registry.npmjs.org/statuses/-/statuses-2.0.2.tgz 0ms (cache hit)
82 http cache stats-gl@https://registry.npmjs.org/stats-gl/-/stats-gl-2.4.2.tgz 0ms (cache hit)
83 http cache space-separated-tokens@https://registry.npmjs.org/space-separated-tokens/-/space-separated-tokens-2.0.2.tgz 0ms (cache hit)
84 http cache stats.js@https://registry.npmjs.org/stats.js/-/stats.js-0.17.0.tgz 0ms (cache hit)
85 http cache side-channel-weakmap@https://registry.npmjs.org/side-channel-weakmap/-/side-channel-weakmap-1.0.2.tgz 0ms (cache hit)
86 http cache side-channel-map@https://registry.npmjs.org/side-channel-map/-/side-channel-map-1.0.1.tgz 0ms (cache hit)
87 http cache side-channel-list@https://registry.npmjs.org/side-channel-list/-/side-channel-list-1.0.1.tgz 0ms (cache hit)
88 http cache source-map-js@https://registry.npmjs.org/source-map-js/-/source-map-js-1.2.1.tgz 0ms (cache hit)
89 http cache side-channel@https://registry.npmjs.org/side-channel/-/side-channel-1.1.1.tgz 0ms (cache hit)
90 http cache shell-quote@https://registry.npmjs.org/shell-quote/-/shell-quote-1.9.0.tgz 0ms (cache hit)
91 http cache shebang-command@https://registry.npmjs.org/shebang-command/-/shebang-command-2.0.0.tgz 0ms (cache hit)
92 http cache setprototypeof@https://registry.npmjs.org/setprototypeof/-/setprototypeof-1.2.0.tgz 0ms (cache hit)
93 http cache serve-static@https://registry.npmjs.org/serve-static/-/serve-static-1.16.3.tgz 0ms (cache hit)
94 http cache send@https://registry.npmjs.org/send/-/send-0.19.2.tgz 0ms (cache hit)
95 http cache semver@https://registry.npmjs.org/semver/-/semver-6.3.1.tgz 0ms (cache hit)
96 http cache scheduler@https://registry.npmjs.org/scheduler/-/scheduler-0.27.0.tgz 0ms (cache hit)
97 http cache safer-buffer@https://registry.npmjs.org/safer-buffer/-/safer-buffer-2.1.2.tgz 0ms (cache hit)
98 http cache set-cookie-parser@https://registry.npmjs.org/set-cookie-parser/-/set-cookie-parser-2.7.2.tgz 0ms (cache hit)
99 http cache shebang-regex@https://registry.npmjs.org/shebang-regex/-/shebang-regex-3.0.0.tgz 0ms (cache hit)
100 http cache safe-buffer@https://registry.npmjs.org/safe-buffer/-/safe-buffer-5.2.1.tgz 0ms (cache hit)
101 http cache rw@https://registry.npmjs.org/rw/-/rw-1.3.3.tgz 0ms (cache hit)
102 http cache run-parallel@https://registry.npmjs.org/run-parallel/-/run-parallel-1.2.0.tgz 0ms (cache hit)
103 http cache robust-predicates@https://registry.npmjs.org/robust-predicates/-/robust-predicates-3.0.3.tgz 0ms (cache hit)
104 http cache reusify@https://registry.npmjs.org/reusify/-/reusify-1.1.0.tgz 0ms (cache hit)
105 http cache resolve@https://registry.npmjs.org/resolve/-/resolve-1.22.12.tgz 0ms (cache hit)
106 http cache rollup@https://registry.npmjs.org/rollup/-/rollup-4.62.2.tgz 0ms (cache hit)
107 http cache require-directory@https://registry.npmjs.org/require-directory/-/require-directory-2.1.1.tgz 0ms (cache hit)
108 http cache rxjs@https://registry.npmjs.org/rxjs/-/rxjs-7.8.2.tgz 0ms (cache hit)
109 http cache remark-rehype@https://registry.npmjs.org/remark-rehype/-/remark-rehype-11.1.2.tgz 0ms (cache hit)
110 http cache remark-parse@https://registry.npmjs.org/remark-parse/-/remark-parse-11.0.0.tgz 0ms (cache hit)
111 http cache recharts-scale@https://registry.npmjs.org/recharts-scale/-/recharts-scale-0.4.5.tgz 0ms (cache hit)
112 http cache recharts@https://registry.npmjs.org/recharts/-/recharts-2.15.4.tgz 0ms (cache hit)
113 http cache readdirp@https://registry.npmjs.org/readdirp/-/readdirp-4.1.2.tgz 0ms (cache hit)
114 http cache read-cache@https://registry.npmjs.org/read-cache/-/read-cache-1.0.0.tgz 0ms (cache hit)
115 http cache react-use-measure@https://registry.npmjs.org/react-use-measure/-/react-use-measure-2.1.7.tgz 0ms (cache hit)
116 http cache react-transition-group@https://registry.npmjs.org/react-transition-group/-/react-transition-group-4.4.5.tgz 0ms (cache hit)
117 http cache react-smooth@https://registry.npmjs.org/react-smooth/-/react-smooth-4.0.4.tgz 0ms (cache hit)
118 http cache require-from-string@https://registry.npmjs.org/require-from-string/-/require-from-string-2.0.2.tgz 0ms (cache hit)
119 http cache react-router-dom@https://registry.npmjs.org/react-router-dom/-/react-router-dom-7.18.1.tgz 0ms (cache hit)
120 http cache react-refresh@https://registry.npmjs.org/react-refresh/-/react-refresh-0.17.0.tgz 0ms (cache hit)
121 http cache react-markdown@https://registry.npmjs.org/react-markdown/-/react-markdown-10.1.0.tgz 0ms (cache hit)
122 http cache react-is@https://registry.npmjs.org/react-is/-/react-is-16.13.1.tgz 0ms (cache hit)
123 http cache react-router@https://registry.npmjs.org/react-router/-/react-router-7.18.1.tgz 0ms (cache hit)
124 http cache react-dom@https://registry.npmjs.org/react-dom/-/react-dom-19.2.7.tgz 0ms (cache hit)
125 http cache react@https://registry.npmjs.org/react/-/react-19.2.7.tgz 0ms (cache hit)
126 http cache react-hook-form@https://registry.npmjs.org/react-hook-form/-/react-hook-form-7.82.0.tgz 0ms (cache hit)
127 http cache raw-body@https://registry.npmjs.org/raw-body/-/raw-body-2.5.3.tgz 0ms (cache hit)
128 http cache range-parser@https://registry.npmjs.org/range-parser/-/range-parser-1.2.1.tgz 0ms (cache hit)
129 http cache pure-rand@https://registry.npmjs.org/pure-rand/-/pure-rand-6.1.0.tgz 0ms (cache hit)
130 http cache rc9@https://registry.npmjs.org/rc9/-/rc9-2.1.2.tgz 0ms (cache hit)
131 http cache qs@https://registry.npmjs.org/qs/-/qs-6.15.3.tgz 0ms (cache hit)
132 http cache property-information@https://registry.npmjs.org/property-information/-/property-information-7.2.0.tgz 0ms (cache hit)
133 http cache promise-worker-transferable@https://registry.npmjs.org/promise-worker-transferable/-/promise-worker-transferable-1.0.4.tgz 0ms (cache hit)
134 http cache prop-types@https://registry.npmjs.org/prop-types/-/prop-types-15.8.1.tgz 0ms (cache hit)
135 http cache queue-microtask@https://registry.npmjs.org/queue-microtask/-/queue-microtask-1.2.3.tgz 0ms (cache hit)
136 http cache proxy-addr@https://registry.npmjs.org/proxy-addr/-/proxy-addr-2.0.7.tgz 0ms (cache hit)
137 http cache prisma@https://registry.npmjs.org/prisma/-/prisma-6.19.3.tgz 0ms (cache hit)
138 http cache potpack@https://registry.npmjs.org/potpack/-/potpack-1.0.2.tgz 0ms (cache hit)
139 http cache postcss-selector-parser@https://registry.npmjs.org/postcss-selector-parser/-/postcss-selector-parser-6.1.4.tgz 0ms (cache hit)
140 http cache postcss-value-parser@https://registry.npmjs.org/postcss-value-parser/-/postcss-value-parser-4.2.0.tgz 0ms (cache hit)
141 http cache postprocessing@https://registry.npmjs.org/postprocessing/-/postprocessing-6.39.3.tgz 0ms (cache hit)
142 http cache postcss-nested@https://registry.npmjs.org/postcss-nested/-/postcss-nested-6.2.0.tgz 0ms (cache hit)
143 http cache postcss-js@https://registry.npmjs.org/postcss-js/-/postcss-js-4.1.0.tgz 0ms (cache hit)
144 http cache postcss-load-config@https://registry.npmjs.org/postcss-load-config/-/postcss-load-config-6.0.1.tgz 0ms (cache hit)
145 http cache postcss@https://registry.npmjs.org/postcss/-/postcss-8.5.20.tgz 0ms (cache hit)
146 http cache pirates@https://registry.npmjs.org/pirates/-/pirates-4.0.7.tgz 0ms (cache hit)
147 http cache pkg-types@https://registry.npmjs.org/pkg-types/-/pkg-types-2.3.1.tgz 0ms (cache hit)
148 http cache pify@https://registry.npmjs.org/pify/-/pify-2.3.0.tgz 0ms (cache hit)
149 http cache picocolors@https://registry.npmjs.org/picocolors/-/picocolors-1.1.1.tgz 0ms (cache hit)
150 http cache postcss-import@https://registry.npmjs.org/postcss-import/-/postcss-import-15.1.0.tgz 0ms (cache hit)
151 http cache perfect-debounce@https://registry.npmjs.org/perfect-debounce/-/perfect-debounce-1.0.0.tgz 0ms (cache hit)
152 http cache path-parse@https://registry.npmjs.org/path-parse/-/path-parse-1.0.7.tgz 0ms (cache hit)
153 http cache path-to-regexp@https://registry.npmjs.org/path-to-regexp/-/path-to-regexp-0.1.13.tgz 0ms (cache hit)
154 http cache pathe@https://registry.npmjs.org/pathe/-/pathe-2.0.3.tgz 0ms (cache hit)
155 http cache path-key@https://registry.npmjs.org/path-key/-/path-key-3.1.1.tgz 0ms (cache hit)
156 http cache ohash@https://registry.npmjs.org/ohash/-/ohash-2.0.11.tgz 0ms (cache hit)
157 http cache parse-entities@https://registry.npmjs.org/parse-entities/-/parse-entities-4.0.2.tgz 0ms (cache hit)
158 http cache picomatch@https://registry.npmjs.org/picomatch/-/picomatch-4.0.5.tgz 0ms (cache hit)
159 http cache on-finished@https://registry.npmjs.org/on-finished/-/on-finished-2.4.1.tgz 0ms (cache hit)
160 http cache parseurl@https://registry.npmjs.org/parseurl/-/parseurl-1.3.3.tgz 0ms (cache hit)
161 http cache object-hash@https://registry.npmjs.org/object-hash/-/object-hash-3.0.0.tgz 0ms (cache hit)
162 http cache nypm@https://registry.npmjs.org/nypm/-/nypm-0.6.8.tgz 0ms (cache hit)
163 http cache normalize-path@https://registry.npmjs.org/normalize-path/-/normalize-path-3.0.0.tgz 0ms (cache hit)
164 http cache node-releases@https://registry.npmjs.org/node-releases/-/node-releases-2.0.51.tgz 0ms (cache hit)
165 http cache object-assign@https://registry.npmjs.org/object-assign/-/object-assign-4.1.1.tgz 0ms (cache hit)
166 http cache node-fetch-native@https://registry.npmjs.org/node-fetch-native/-/node-fetch-native-1.6.7.tgz 0ms (cache hit)
167 http cache negotiator@https://registry.npmjs.org/negotiator/-/negotiator-0.6.3.tgz 0ms (cache hit)
168 http cache nanoid@https://registry.npmjs.org/nanoid/-/nanoid-3.3.16.tgz 0ms (cache hit)
169 http cache ogl@https://registry.npmjs.org/ogl/-/ogl-1.0.11.tgz 0ms (cache hit)
170 http cache n8ao@https://registry.npmjs.org/n8ao/-/n8ao-1.10.3.tgz 0ms (cache hit)
171 http cache mz@https://registry.npmjs.org/mz/-/mz-2.7.0.tgz 0ms (cache hit)
172 http cache motion-utils@https://registry.npmjs.org/motion-utils/-/motion-utils-11.18.1.tgz 0ms (cache hit)
173 http cache object-inspect@https://registry.npmjs.org/object-inspect/-/object-inspect-1.13.4.tgz 0ms (cache hit)
174 http cache mime-types@https://registry.npmjs.org/mime-types/-/mime-types-2.1.35.tgz 0ms (cache hit)
175 http cache ms@https://registry.npmjs.org/ms/-/ms-2.1.3.tgz 0ms (cache hit)
176 http cache motion-dom@https://registry.npmjs.org/motion-dom/-/motion-dom-11.18.1.tgz 0ms (cache hit)
177 http cache mime-db@https://registry.npmjs.org/mime-db/-/mime-db-1.52.0.tgz 0ms (cache hit)
178 http cache micromatch@https://registry.npmjs.org/micromatch/-/micromatch-4.0.8.tgz 0ms (cache hit)
179 http cache mime@https://registry.npmjs.org/mime/-/mime-1.6.0.tgz 0ms (cache hit)
180 http cache micromark-util-symbol@https://registry.npmjs.org/micromark-util-symbol/-/micromark-util-symbol-2.0.1.tgz 0ms (cache hit)
181 http cache micromark-util-sanitize-uri@https://registry.npmjs.org/micromark-util-sanitize-uri/-/micromark-util-sanitize-uri-2.0.1.tgz 0ms (cache hit)
182 http cache micromark-util-types@https://registry.npmjs.org/micromark-util-types/-/micromark-util-types-2.0.2.tgz 0ms (cache hit)
183 http cache micromark-util-resolve-all@https://registry.npmjs.org/micromark-util-resolve-all/-/micromark-util-resolve-all-2.0.1.tgz 0ms (cache hit)
184 http cache micromark-util-normalize-identifier@https://registry.npmjs.org/micromark-util-normalize-identifier/-/micromark-util-normalize-identifier-2.0.1.tgz 0ms (cache hit)
185 http cache micromark-util-html-tag-name@https://registry.npmjs.org/micromark-util-html-tag-name/-/micromark-util-html-tag-name-2.0.1.tgz 0ms (cache hit)
186 http cache micromark-util-decode-string@https://registry.npmjs.org/micromark-util-decode-string/-/micromark-util-decode-string-2.0.1.tgz 0ms (cache hit)
187 http cache micromark-util-combine-extensions@https://registry.npmjs.org/micromark-util-combine-extensions/-/micromark-util-combine-extensions-2.0.1.tgz 0ms (cache hit)
188 http cache micromark-util-classify-character@https://registry.npmjs.org/micromark-util-classify-character/-/micromark-util-classify-character-2.0.1.tgz 0ms (cache hit)
189 http cache micromark-util-encode@https://registry.npmjs.org/micromark-util-encode/-/micromark-util-encode-2.0.1.tgz 0ms (cache hit)
190 http cache micromark-util-chunked@https://registry.npmjs.org/micromark-util-chunked/-/micromark-util-chunked-2.0.1.tgz 0ms (cache hit)
191 http cache micromark-util-decode-numeric-character-reference@https://registry.npmjs.org/micromark-util-decode-numeric-character-reference/-/micromark-util-decode-numeric-character-reference-2.0.2.tgz 0ms (cache hit)
192 http cache micromark-util-character@https://registry.npmjs.org/micromark-util-character/-/micromark-util-character-2.1.1.tgz 0ms (cache hit)
193 http cache micromark-factory-whitespace@https://registry.npmjs.org/micromark-factory-whitespace/-/micromark-factory-whitespace-2.0.1.tgz 0ms (cache hit)
194 http cache micromark-factory-title@https://registry.npmjs.org/micromark-factory-title/-/micromark-factory-title-2.0.1.tgz 0ms (cache hit)
195 http cache micromark-factory-space@https://registry.npmjs.org/micromark-factory-space/-/micromark-factory-space-2.0.1.tgz 0ms (cache hit)
196 http cache micromark-factory-destination@https://registry.npmjs.org/micromark-factory-destination/-/micromark-factory-destination-2.0.1.tgz 0ms (cache hit)
197 http cache micromark-factory-label@https://registry.npmjs.org/micromark-factory-label/-/micromark-factory-label-2.0.1.tgz 0ms (cache hit)
198 http cache micromark@https://registry.npmjs.org/micromark/-/micromark-4.0.2.tgz 0ms (cache hit)
199 http cache methods@https://registry.npmjs.org/methods/-/methods-1.1.2.tgz 0ms (cache hit)
200 http cache micromark-core-commonmark@https://registry.npmjs.org/micromark-core-commonmark/-/micromark-core-commonmark-2.0.3.tgz 0ms (cache hit)
201 http cache meshoptimizer@https://registry.npmjs.org/meshoptimizer/-/meshoptimizer-0.18.1.tgz 0ms (cache hit)
202 http cache micromark-util-subtokenize@https://registry.npmjs.org/micromark-util-subtokenize/-/micromark-util-subtokenize-2.1.0.tgz 0ms (cache hit)
203 http cache meshline@https://registry.npmjs.org/meshline/-/meshline-3.3.1.tgz 0ms (cache hit)
204 http cache media-typer@https://registry.npmjs.org/media-typer/-/media-typer-0.3.0.tgz 0ms (cache hit)
205 http cache merge-descriptors@https://registry.npmjs.org/merge-descriptors/-/merge-descriptors-1.0.3.tgz 0ms (cache hit)
206 http cache mdast-util-to-hast@https://registry.npmjs.org/mdast-util-to-hast/-/mdast-util-to-hast-13.2.1.tgz 0ms (cache hit)
207 http cache mdast-util-to-markdown@https://registry.npmjs.org/mdast-util-to-markdown/-/mdast-util-to-markdown-2.1.2.tgz 0ms (cache hit)
208 http cache merge2@https://registry.npmjs.org/merge2/-/merge2-1.4.1.tgz 0ms (cache hit)
209 http cache mdast-util-to-string@https://registry.npmjs.org/mdast-util-to-string/-/mdast-util-to-string-4.0.0.tgz 0ms (cache hit)
210 http cache mdast-util-mdx-expression@https://registry.npmjs.org/mdast-util-mdx-expression/-/mdast-util-mdx-expression-2.0.1.tgz 0ms (cache hit)
211 http cache mdast-util-from-markdown@https://registry.npmjs.org/mdast-util-from-markdown/-/mdast-util-from-markdown-2.0.3.tgz 0ms (cache hit)
212 http cache mdast-util-phrasing@https://registry.npmjs.org/mdast-util-phrasing/-/mdast-util-phrasing-4.1.0.tgz 0ms (cache hit)
213 http cache mdast-util-mdxjs-esm@https://registry.npmjs.org/mdast-util-mdxjs-esm/-/mdast-util-mdxjs-esm-2.0.1.tgz 0ms (cache hit)
214 http cache math-intrinsics@https://registry.npmjs.org/math-intrinsics/-/math-intrinsics-1.1.0.tgz 0ms (cache hit)
215 http cache maath@https://registry.npmjs.org/maath/-/maath-0.10.8.tgz 0ms (cache hit)
216 http cache lru-cache@https://registry.npmjs.org/lru-cache/-/lru-cache-5.1.1.tgz 0ms (cache hit)
217 http cache lucide-react@https://registry.npmjs.org/lucide-react/-/lucide-react-1.25.0.tgz 0ms (cache hit)
218 http cache longest-streak@https://registry.npmjs.org/longest-streak/-/longest-streak-3.1.0.tgz 0ms (cache hit)
219 http cache make-error@https://registry.npmjs.org/make-error/-/make-error-1.3.6.tgz 0ms (cache hit)
220 http cache loose-envify@https://registry.npmjs.org/loose-envify/-/loose-envify-1.4.0.tgz 0ms (cache hit)
221 http cache lodash.once@https://registry.npmjs.org/lodash.once/-/lodash.once-4.1.1.tgz 0ms (cache hit)
222 http cache lodash.isstring@https://registry.npmjs.org/lodash.isstring/-/lodash.isstring-4.0.1.tgz 0ms (cache hit)
223 http cache lodash.isnumber@https://registry.npmjs.org/lodash.isnumber/-/lodash.isnumber-3.0.3.tgz 0ms (cache hit)
224 http cache lodash.isplainobject@https://registry.npmjs.org/lodash.isplainobject/-/lodash.isplainobject-4.0.6.tgz 0ms (cache hit)
225 http cache mdast-util-mdx-jsx@https://registry.npmjs.org/mdast-util-mdx-jsx/-/mdast-util-mdx-jsx-3.2.0.tgz 0ms (cache hit)
226 http cache lodash.isinteger@https://registry.npmjs.org/lodash.isinteger/-/lodash.isinteger-4.0.4.tgz 0ms (cache hit)
227 http cache lodash.includes@https://registry.npmjs.org/lodash.includes/-/lodash.includes-4.3.0.tgz 0ms (cache hit)
228 http cache lines-and-columns@https://registry.npmjs.org/lines-and-columns/-/lines-and-columns-1.2.4.tgz 0ms (cache hit)
229 http cache lodash.isboolean@https://registry.npmjs.org/lodash.isboolean/-/lodash.isboolean-3.0.3.tgz 0ms (cache hit)
230 http cache lilconfig@https://registry.npmjs.org/lilconfig/-/lilconfig-3.1.3.tgz 0ms (cache hit)
231 http cache jws@https://registry.npmjs.org/jws/-/jws-4.0.1.tgz 0ms (cache hit)
232 http cache lodash@https://registry.npmjs.org/lodash/-/lodash-4.18.1.tgz 0ms (cache hit)
233 http cache lie@https://registry.npmjs.org/lie/-/lie-3.3.0.tgz 0ms (cache hit)
234 http cache jsonwebtoken@https://registry.npmjs.org/jsonwebtoken/-/jsonwebtoken-9.0.3.tgz 0ms (cache hit)
235 http cache json5@https://registry.npmjs.org/json5/-/json5-2.2.3.tgz 0ms (cache hit)
236 http cache jwa@https://registry.npmjs.org/jwa/-/jwa-2.0.1.tgz 0ms (cache hit)
237 http cache js-tokens@https://registry.npmjs.org/js-tokens/-/js-tokens-4.0.0.tgz 0ms (cache hit)
238 http cache its-fine@https://registry.npmjs.org/its-fine/-/its-fine-2.0.0.tgz 0ms (cache hit)
239 http cache is-plain-obj@https://registry.npmjs.org/is-plain-obj/-/is-plain-obj-4.1.0.tgz 0ms (cache hit)
240 http cache jiti@https://registry.npmjs.org/jiti/-/jiti-2.7.0.tgz 0ms (cache hit)
241 http cache is-promise@https://registry.npmjs.org/is-promise/-/is-promise-2.2.2.tgz 0ms (cache hit)
242 http cache isexe@https://registry.npmjs.org/isexe/-/isexe-2.0.0.tgz 0ms (cache hit)
243 http cache is-hexadecimal@https://registry.npmjs.org/is-hexadecimal/-/is-hexadecimal-2.0.1.tgz 0ms (cache hit)
244 http cache is-number@https://registry.npmjs.org/is-number/-/is-number-7.0.0.tgz 0ms (cache hit)
245 http cache jsesc@https://registry.npmjs.org/jsesc/-/jsesc-3.1.0.tgz 0ms (cache hit)
246 http cache is-glob@https://registry.npmjs.org/is-glob/-/is-glob-4.0.3.tgz 0ms (cache hit)
247 http cache is-decimal@https://registry.npmjs.org/is-decimal/-/is-decimal-2.0.1.tgz 0ms (cache hit)
248 http cache is-binary-path@https://registry.npmjs.org/is-binary-path/-/is-binary-path-2.1.0.tgz 0ms (cache hit)
249 http cache is-core-module@https://registry.npmjs.org/is-core-module/-/is-core-module-2.16.2.tgz 0ms (cache hit)
250 http cache is-alphabetical@https://registry.npmjs.org/is-alphabetical/-/is-alphabetical-2.0.1.tgz 0ms (cache hit)
251 http cache is-fullwidth-code-point@https://registry.npmjs.org/is-fullwidth-code-point/-/is-fullwidth-code-point-3.0.0.tgz 0ms (cache hit)
252 http cache is-alphanumerical@https://registry.npmjs.org/is-alphanumerical/-/is-alphanumerical-2.0.1.tgz 0ms (cache hit)
253 http cache is-extglob@https://registry.npmjs.org/is-extglob/-/is-extglob-2.1.1.tgz 0ms (cache hit)
254 http cache internmap@https://registry.npmjs.org/internmap/-/internmap-2.0.3.tgz 0ms (cache hit)
255 http cache inline-style-parser@https://registry.npmjs.org/inline-style-parser/-/inline-style-parser-0.2.7.tgz 0ms (cache hit)
256 http cache iconv-lite@https://registry.npmjs.org/iconv-lite/-/iconv-lite-0.6.3.tgz 0ms (cache hit)
257 http cache ieee754@https://registry.npmjs.org/ieee754/-/ieee754-1.2.1.tgz 0ms (cache hit)
258 http cache ipaddr.js@https://registry.npmjs.org/ipaddr.js/-/ipaddr.js-1.9.1.tgz 0ms (cache hit)
259 http cache inherits@https://registry.npmjs.org/inherits/-/inherits-2.0.4.tgz 0ms (cache hit)
260 http cache http-errors@https://registry.npmjs.org/http-errors/-/http-errors-2.0.1.tgz 0ms (cache hit)
261 http cache hls.js@https://registry.npmjs.org/hls.js/-/hls.js-1.6.16.tgz 0ms (cache hit)
262 http cache immediate@https://registry.npmjs.org/immediate/-/immediate-3.0.6.tgz 0ms (cache hit)
263 http cache hast-util-to-jsx-runtime@https://registry.npmjs.org/hast-util-to-jsx-runtime/-/hast-util-to-jsx-runtime-2.3.6.tgz 0ms (cache hit)
264 http cache hast-util-whitespace@https://registry.npmjs.org/hast-util-whitespace/-/hast-util-whitespace-3.0.0.tgz 0ms (cache hit)
265 http cache html-url-attributes@https://registry.npmjs.org/html-url-attributes/-/html-url-attributes-3.0.1.tgz 0ms (cache hit)
266 http cache has-flag@https://registry.npmjs.org/has-flag/-/has-flag-4.0.0.tgz 0ms (cache hit)
267 http cache has-symbols@https://registry.npmjs.org/has-symbols/-/has-symbols-1.1.0.tgz 0ms (cache hit)
268 http cache hasown@https://registry.npmjs.org/hasown/-/hasown-2.0.4.tgz 0ms (cache hit)
269 http cache gsap@https://registry.npmjs.org/gsap/-/gsap-3.15.0.tgz 0ms (cache hit)
270 http cache gopd@https://registry.npmjs.org/gopd/-/gopd-1.2.0.tgz 0ms (cache hit)
271 http cache glsl-noise@https://registry.npmjs.org/glsl-noise/-/glsl-noise-0.0.0.tgz 0ms (cache hit)
272 http cache get-proto@https://registry.npmjs.org/get-proto/-/get-proto-1.0.1.tgz 0ms (cache hit)
273 http cache get-caller-file@https://registry.npmjs.org/get-caller-file/-/get-caller-file-2.0.5.tgz 0ms (cache hit)
274 http cache gensync@https://registry.npmjs.org/gensync/-/gensync-1.0.0-beta.2.tgz 0ms (cache hit)
275 http cache giget@https://registry.npmjs.org/giget/-/giget-2.0.0.tgz 0ms (cache hit)
276 http cache get-intrinsic@https://registry.npmjs.org/get-intrinsic/-/get-intrinsic-1.3.0.tgz 0ms (cache hit)
277 http cache fsevents@https://registry.npmjs.org/fsevents/-/fsevents-2.3.3.tgz 0ms (cache hit)
278 http cache function-bind@https://registry.npmjs.org/function-bind/-/function-bind-1.1.2.tgz 0ms (cache hit)
279 http cache fresh@https://registry.npmjs.org/fresh/-/fresh-0.5.2.tgz 0ms (cache hit)
280 http cache glob-parent@https://registry.npmjs.org/glob-parent/-/glob-parent-6.0.2.tgz 0ms (cache hit)
281 http cache fraction.js@https://registry.npmjs.org/fraction.js/-/fraction.js-5.3.4.tgz 0ms (cache hit)
282 http cache framer-motion@https://registry.npmjs.org/framer-motion/-/framer-motion-11.18.2.tgz 0ms (cache hit)
283 http cache forwarded@https://registry.npmjs.org/forwarded/-/forwarded-0.2.0.tgz 0ms (cache hit)
284 http cache fdir@https://registry.npmjs.org/fdir/-/fdir-6.5.0.tgz 0ms (cache hit)
285 http cache finalhandler@https://registry.npmjs.org/finalhandler/-/finalhandler-1.3.2.tgz 0ms (cache hit)
286 http cache fflate@https://registry.npmjs.org/fflate/-/fflate-0.8.3.tgz 0ms (cache hit)
287 http cache fill-range@https://registry.npmjs.org/fill-range/-/fill-range-7.1.1.tgz 0ms (cache hit)
288 http cache fastq@https://registry.npmjs.org/fastq/-/fastq-1.20.1.tgz 0ms (cache hit)
289 http cache fast-check@https://registry.npmjs.org/fast-check/-/fast-check-3.23.2.tgz 0ms (cache hit)
290 http cache fast-glob@https://registry.npmjs.org/fast-glob/-/fast-glob-3.3.3.tgz 0ms (cache hit)
291 http cache fast-equals@https://registry.npmjs.org/fast-equals/-/fast-equals-5.4.1.tgz 0ms (cache hit)
292 http cache exsolve@https://registry.npmjs.org/exsolve/-/exsolve-1.1.0.tgz 0ms (cache hit)
293 http cache express@https://registry.npmjs.org/express/-/express-4.22.2.tgz 0ms (cache hit)
294 http cache extend@https://registry.npmjs.org/extend/-/extend-3.0.2.tgz 0ms (cache hit)
295 http cache etag@https://registry.npmjs.org/etag/-/etag-1.8.1.tgz 0ms (cache hit)
296 http cache estree-util-is-identifier-name@https://registry.npmjs.org/estree-util-is-identifier-name/-/estree-util-is-identifier-name-3.0.0.tgz 0ms (cache hit)
297 http cache escalade@https://registry.npmjs.org/escalade/-/escalade-3.2.0.tgz 0ms (cache hit)
298 http cache eventemitter3@https://registry.npmjs.org/eventemitter3/-/eventemitter3-4.0.7.tgz 0ms (cache hit)
299 http cache es-object-atoms@https://registry.npmjs.org/es-object-atoms/-/es-object-atoms-1.1.2.tgz 0ms (cache hit)
300 http cache escape-html@https://registry.npmjs.org/escape-html/-/escape-html-1.0.3.tgz 0ms (cache hit)
301 http cache esbuild@https://registry.npmjs.org/esbuild/-/esbuild-0.28.1.tgz 0ms (cache hit)
302 http cache es-errors@https://registry.npmjs.org/es-errors/-/es-errors-1.3.0.tgz 0ms (cache hit)
303 http cache es-define-property@https://registry.npmjs.org/es-define-property/-/es-define-property-1.0.1.tgz 0ms (cache hit)
304 http cache emoji-regex@https://registry.npmjs.org/emoji-regex/-/emoji-regex-8.0.0.tgz 0ms (cache hit)
305 http cache electron-to-chromium@https://registry.npmjs.org/electron-to-chromium/-/electron-to-chromium-1.5.393.tgz 0ms (cache hit)
306 http cache empathic@https://registry.npmjs.org/empathic/-/empathic-2.0.0.tgz 0ms (cache hit)
307 http cache encodeurl@https://registry.npmjs.org/encodeurl/-/encodeurl-2.0.0.tgz 0ms (cache hit)
308 http cache ee-first@https://registry.npmjs.org/ee-first/-/ee-first-1.1.1.tgz 0ms (cache hit)
309 http cache effect@https://registry.npmjs.org/effect/-/effect-3.21.0.tgz 0ms (cache hit)
310 http cache ecdsa-sig-formatter@https://registry.npmjs.org/ecdsa-sig-formatter/-/ecdsa-sig-formatter-1.0.11.tgz 0ms (cache hit)
311 http cache dunder-proto@https://registry.npmjs.org/dunder-proto/-/dunder-proto-1.0.1.tgz 0ms (cache hit)
312 http cache dotenv@https://registry.npmjs.org/dotenv/-/dotenv-16.6.1.tgz 0ms (cache hit)
313 http cache draco3d@https://registry.npmjs.org/draco3d/-/draco3d-1.5.7.tgz 0ms (cache hit)
314 http cache dlv@https://registry.npmjs.org/dlv/-/dlv-1.1.3.tgz 0ms (cache hit)
315 http cache diff@https://registry.npmjs.org/diff/-/diff-4.0.4.tgz 0ms (cache hit)
316 http cache devlop@https://registry.npmjs.org/devlop/-/devlop-1.1.0.tgz 0ms (cache hit)
317 http cache destroy@https://registry.npmjs.org/destroy/-/destroy-1.2.0.tgz 0ms (cache hit)
318 http cache detect-gpu@https://registry.npmjs.org/detect-gpu/-/detect-gpu-5.0.70.tgz 0ms (cache hit)
319 http cache didyoumean@https://registry.npmjs.org/didyoumean/-/didyoumean-1.2.2.tgz 0ms (cache hit)
320 http cache destr@https://registry.npmjs.org/destr/-/destr-2.0.5.tgz 0ms (cache hit)
321 http cache depd@https://registry.npmjs.org/depd/-/depd-2.0.0.tgz 0ms (cache hit)
322 http cache dequal@https://registry.npmjs.org/dequal/-/dequal-2.0.3.tgz 0ms (cache hit)
323 http cache dom-helpers@https://registry.npmjs.org/dom-helpers/-/dom-helpers-5.2.1.tgz 0ms (cache hit)
324 http cache delaunator@https://registry.npmjs.org/delaunator/-/delaunator-5.1.0.tgz 0ms (cache hit)
325 http cache defu@https://registry.npmjs.org/defu/-/defu-6.1.7.tgz 0ms (cache hit)
326 http cache decode-named-character-reference@https://registry.npmjs.org/decode-named-character-reference/-/decode-named-character-reference-1.3.0.tgz 0ms (cache hit)
327 http cache decimal.js-light@https://registry.npmjs.org/decimal.js-light/-/decimal.js-light-2.5.1.tgz 0ms (cache hit)
328 http cache d3-zoom@https://registry.npmjs.org/d3-zoom/-/d3-zoom-3.0.0.tgz 0ms (cache hit)
329 http cache d3-transition@https://registry.npmjs.org/d3-transition/-/d3-transition-3.0.1.tgz 0ms (cache hit)
330 http cache debug@https://registry.npmjs.org/debug/-/debug-4.4.3.tgz 0ms (cache hit)
331 http cache d3-timer@https://registry.npmjs.org/d3-timer/-/d3-timer-3.0.1.tgz 0ms (cache hit)
332 http cache d3-time@https://registry.npmjs.org/d3-time/-/d3-time-3.1.0.tgz 0ms (cache hit)
333 http cache d3-time-format@https://registry.npmjs.org/d3-time-format/-/d3-time-format-4.1.0.tgz 0ms (cache hit)
334 http cache d3-shape@https://registry.npmjs.org/d3-shape/-/d3-shape-3.2.0.tgz 0ms (cache hit)
335 http cache d3-selection@https://registry.npmjs.org/d3-selection/-/d3-selection-3.0.0.tgz 0ms (cache hit)
336 http cache d3-scale-chromatic@https://registry.npmjs.org/d3-scale-chromatic/-/d3-scale-chromatic-3.1.0.tgz 0ms (cache hit)
337 http cache d3-random@https://registry.npmjs.org/d3-random/-/d3-random-3.0.1.tgz 0ms (cache hit)
338 http cache deepmerge-ts@https://registry.npmjs.org/deepmerge-ts/-/deepmerge-ts-7.1.5.tgz 0ms (cache hit)
339 http cache d3-polygon@https://registry.npmjs.org/d3-polygon/-/d3-polygon-3.0.1.tgz 0ms (cache hit)
340 http cache d3-interpolate@https://registry.npmjs.org/d3-interpolate/-/d3-interpolate-3.0.1.tgz 0ms (cache hit)
341 http cache d3-hierarchy@https://registry.npmjs.org/d3-hierarchy/-/d3-hierarchy-3.1.2.tgz 0ms (cache hit)
342 http cache d3-quadtree@https://registry.npmjs.org/d3-quadtree/-/d3-quadtree-3.0.1.tgz 0ms (cache hit)
343 http cache d3-geo@https://registry.npmjs.org/d3-geo/-/d3-geo-3.1.1.tgz 0ms (cache hit)
344 http cache d3-format@https://registry.npmjs.org/d3-format/-/d3-format-3.1.2.tgz 0ms (cache hit)
345 http cache d3-fetch@https://registry.npmjs.org/d3-fetch/-/d3-fetch-3.0.1.tgz 0ms (cache hit)
346 http cache d3-path@https://registry.npmjs.org/d3-path/-/d3-path-3.1.0.tgz 0ms (cache hit)
347 http cache d3-ease@https://registry.npmjs.org/d3-ease/-/d3-ease-3.0.1.tgz 0ms (cache hit)
348 http cache d3-dsv@https://registry.npmjs.org/d3-dsv/-/d3-dsv-3.0.1.tgz 0ms (cache hit)
349 http cache d3-scale@https://registry.npmjs.org/d3-scale/-/d3-scale-4.0.2.tgz 0ms (cache hit)
350 http cache d3-force@https://registry.npmjs.org/d3-force/-/d3-force-3.0.0.tgz 0ms (cache hit)
351 http cache d3-delaunay@https://registry.npmjs.org/d3-delaunay/-/d3-delaunay-6.0.4.tgz 0ms (cache hit)
352 http cache d3-drag@https://registry.npmjs.org/d3-drag/-/d3-drag-3.0.0.tgz 0ms (cache hit)
353 http cache d3-color@https://registry.npmjs.org/d3-color/-/d3-color-3.1.0.tgz 0ms (cache hit)
354 http cache d3-dispatch@https://registry.npmjs.org/d3-dispatch/-/d3-dispatch-3.0.1.tgz 0ms (cache hit)
355 http cache d3-brush@https://registry.npmjs.org/d3-brush/-/d3-brush-3.0.0.tgz 0ms (cache hit)
356 http cache d3-axis@https://registry.npmjs.org/d3-axis/-/d3-axis-3.0.0.tgz 0ms (cache hit)
357 http cache d3-array@https://registry.npmjs.org/d3-array/-/d3-array-3.2.4.tgz 0ms (cache hit)
358 http cache d3@https://registry.npmjs.org/d3/-/d3-7.9.0.tgz 0ms (cache hit)
359 http cache d3-chord@https://registry.npmjs.org/d3-chord/-/d3-chord-3.0.1.tgz 0ms (cache hit)
360 http cache csstype@https://registry.npmjs.org/csstype/-/csstype-3.2.3.tgz 0ms (cache hit)
361 http cache cssesc@https://registry.npmjs.org/cssesc/-/cssesc-3.0.0.tgz 0ms (cache hit)
362 http cache d3-contour@https://registry.npmjs.org/d3-contour/-/d3-contour-4.0.2.tgz 0ms (cache hit)
363 http cache cross-env@https://registry.npmjs.org/cross-env/-/cross-env-7.0.3.tgz 0ms (cache hit)
364 http cache cross-spawn@https://registry.npmjs.org/cross-spawn/-/cross-spawn-7.0.6.tgz 0ms (cache hit)
365 http cache cors@https://registry.npmjs.org/cors/-/cors-2.8.6.tgz 0ms (cache hit)
366 http cache create-require@https://registry.npmjs.org/create-require/-/create-require-1.1.1.tgz 0ms (cache hit)
367 http cache content-type@https://registry.npmjs.org/content-type/-/content-type-1.0.5.tgz 0ms (cache hit)
368 http cache cookie-signature@https://registry.npmjs.org/cookie-signature/-/cookie-signature-1.0.7.tgz 0ms (cache hit)
369 http cache content-disposition@https://registry.npmjs.org/content-disposition/-/content-disposition-0.5.4.tgz 0ms (cache hit)
370 http cache convert-source-map@https://registry.npmjs.org/convert-source-map/-/convert-source-map-2.0.0.tgz 0ms (cache hit)
371 http cache concurrently@https://registry.npmjs.org/concurrently/-/concurrently-9.2.4.tgz 0ms (cache hit)
372 http cache cookie@https://registry.npmjs.org/cookie/-/cookie-0.7.2.tgz 0ms (cache hit)
373 http cache consola@https://registry.npmjs.org/consola/-/consola-3.4.2.tgz 0ms (cache hit)
374 http cache comma-separated-tokens@https://registry.npmjs.org/comma-separated-tokens/-/comma-separated-tokens-2.0.3.tgz 0ms (cache hit)
375 http cache color-convert@https://registry.npmjs.org/color-convert/-/color-convert-2.0.1.tgz 0ms (cache hit)
376 http cache color-name@https://registry.npmjs.org/color-name/-/color-name-1.1.4.tgz 0ms (cache hit)
377 http cache cliui@https://registry.npmjs.org/cliui/-/cliui-8.0.1.tgz 0ms (cache hit)
378 http cache clsx@https://registry.npmjs.org/clsx/-/clsx-2.1.1.tgz 0ms (cache hit)
379 http cache citty@https://registry.npmjs.org/citty/-/citty-0.1.6.tgz 0ms (cache hit)
380 http cache confbox@https://registry.npmjs.org/confbox/-/confbox-0.2.4.tgz 0ms (cache hit)
381 http cache chokidar@https://registry.npmjs.org/chokidar/-/chokidar-4.0.3.tgz 0ms (cache hit)
382 http cache character-reference-invalid@https://registry.npmjs.org/character-reference-invalid/-/character-reference-invalid-2.0.1.tgz 0ms (cache hit)
383 http cache character-entities-legacy@https://registry.npmjs.org/character-entities-legacy/-/character-entities-legacy-3.0.0.tgz 0ms (cache hit)
384 http cache character-entities-html4@https://registry.npmjs.org/character-entities-html4/-/character-entities-html4-2.1.0.tgz 0ms (cache hit)
385 http cache commander@https://registry.npmjs.org/commander/-/commander-7.2.0.tgz 0ms (cache hit)
386 http cache character-entities@https://registry.npmjs.org/character-entities/-/character-entities-2.0.2.tgz 0ms (cache hit)
387 http cache caniuse-lite@https://registry.npmjs.org/caniuse-lite/-/caniuse-lite-1.0.30001806.tgz 0ms (cache hit)
388 http cache ccount@https://registry.npmjs.org/ccount/-/ccount-2.0.1.tgz 0ms (cache hit)
389 http cache chalk@https://registry.npmjs.org/chalk/-/chalk-4.1.2.tgz 0ms (cache hit)
390 http cache call-bind-apply-helpers@https://registry.npmjs.org/call-bind-apply-helpers/-/call-bind-apply-helpers-1.0.2.tgz 0ms (cache hit)
391 http cache camelcase-css@https://registry.npmjs.org/camelcase-css/-/camelcase-css-2.0.1.tgz 0ms (cache hit)
392 http cache bytes@https://registry.npmjs.org/bytes/-/bytes-3.1.2.tgz 0ms (cache hit)
393 http cache camera-controls@https://registry.npmjs.org/camera-controls/-/camera-controls-3.1.2.tgz 0ms (cache hit)
394 http cache c12@https://registry.npmjs.org/c12/-/c12-3.1.0.tgz 0ms (cache hit)
395 http cache buffer@https://registry.npmjs.org/buffer/-/buffer-6.0.3.tgz 0ms (cache hit)
396 http cache browserslist@https://registry.npmjs.org/browserslist/-/browserslist-4.28.6.tgz 0ms (cache hit)
397 http cache body-parser@https://registry.npmjs.org/body-parser/-/body-parser-1.20.6.tgz 0ms (cache hit)
398 http cache buffer-equal-constant-time@https://registry.npmjs.org/buffer-equal-constant-time/-/buffer-equal-constant-time-1.0.1.tgz 0ms (cache hit)
399 http cache call-bound@https://registry.npmjs.org/call-bound/-/call-bound-1.0.4.tgz 0ms (cache hit)
400 http cache bidi-js@https://registry.npmjs.org/bidi-js/-/bidi-js-1.0.3.tgz 0ms (cache hit)
401 http cache braces@https://registry.npmjs.org/braces/-/braces-3.0.3.tgz 0ms (cache hit)
402 http cache baseline-browser-mapping@https://registry.npmjs.org/baseline-browser-mapping/-/baseline-browser-mapping-2.10.43.tgz 0ms (cache hit)
403 http cache bcryptjs@https://registry.npmjs.org/bcryptjs/-/bcryptjs-3.0.3.tgz 0ms (cache hit)
404 http cache base64-js@https://registry.npmjs.org/base64-js/-/base64-js-1.5.1.tgz 0ms (cache hit)
405 http cache bail@https://registry.npmjs.org/bail/-/bail-2.0.2.tgz 0ms (cache hit)
406 http cache array-flatten@https://registry.npmjs.org/array-flatten/-/array-flatten-1.1.1.tgz 0ms (cache hit)
407 http cache arg@https://registry.npmjs.org/arg/-/arg-5.0.2.tgz 0ms (cache hit)
408 http cache binary-extensions@https://registry.npmjs.org/binary-extensions/-/binary-extensions-2.3.0.tgz 0ms (cache hit)
409 http cache anymatch@https://registry.npmjs.org/anymatch/-/anymatch-3.1.3.tgz 0ms (cache hit)
410 http cache acorn-walk@https://registry.npmjs.org/acorn-walk/-/acorn-walk-8.3.5.tgz 0ms (cache hit)
411 http cache autoprefixer@https://registry.npmjs.org/autoprefixer/-/autoprefixer-10.5.4.tgz 0ms (cache hit)
412 http cache ansi-regex@https://registry.npmjs.org/ansi-regex/-/ansi-regex-5.0.1.tgz 0ms (cache hit)
413 http cache ansi-styles@https://registry.npmjs.org/ansi-styles/-/ansi-styles-4.3.0.tgz 0ms (cache hit)
414 http cache accepts@https://registry.npmjs.org/accepts/-/accepts-1.3.8.tgz 0ms (cache hit)
415 http cache @vitejs/plugin-react@https://registry.npmjs.org/@vitejs/plugin-react/-/plugin-react-4.7.0.tgz 0ms (cache hit)
416 http cache any-promise@https://registry.npmjs.org/any-promise/-/any-promise-1.3.0.tgz 0ms (cache hit)
417 http cache acorn@https://registry.npmjs.org/acorn/-/acorn-8.17.0.tgz 0ms (cache hit)
418 http cache @use-gesture/react@https://registry.npmjs.org/@use-gesture/react/-/react-10.3.1.tgz 0ms (cache hit)
419 http cache @use-gesture/core@https://registry.npmjs.org/@use-gesture/core/-/core-10.3.1.tgz 0ms (cache hit)
420 http cache @types/unist@https://registry.npmjs.org/@types/unist/-/unist-3.0.3.tgz 0ms (cache hit)
421 http cache @webgpu/types@https://registry.npmjs.org/@webgpu/types/-/types-0.1.71.tgz 0ms (cache hit)
422 http cache @types/webxr@https://registry.npmjs.org/@types/webxr/-/webxr-0.5.24.tgz 0ms (cache hit)
423 http cache @types/three@https://registry.npmjs.org/@types/three/-/three-0.171.0.tgz 0ms (cache hit)
424 http cache @types/send@https://registry.npmjs.org/@types/send/-/send-1.2.1.tgz 0ms (cache hit)
425 http cache @ungap/structured-clone@https://registry.npmjs.org/@ungap/structured-clone/-/structured-clone-1.3.3.tgz 0ms (cache hit)
426 http cache @types/serve-static@https://registry.npmjs.org/@types/serve-static/-/serve-static-2.2.0.tgz 0ms (cache hit)
427 http cache @types/stats.js@https://registry.npmjs.org/@types/stats.js/-/stats.js-0.17.4.tgz 0ms (cache hit)
428 http cache @types/react-dom@https://registry.npmjs.org/@types/react-dom/-/react-dom-19.2.3.tgz 0ms (cache hit)
429 http cache @types/react@https://registry.npmjs.org/@types/react/-/react-19.2.17.tgz 0ms (cache hit)
430 http cache @types/react-reconciler@https://registry.npmjs.org/@types/react-reconciler/-/react-reconciler-0.28.9.tgz 0ms (cache hit)
431 http cache @types/qs@https://registry.npmjs.org/@types/qs/-/qs-6.15.1.tgz 0ms (cache hit)
432 http cache @types/node@https://registry.npmjs.org/@types/node/-/node-22.20.1.tgz 0ms (cache hit)
433 http cache @types/ms@https://registry.npmjs.org/@types/ms/-/ms-2.1.0.tgz 0ms (cache hit)
434 http cache @types/mdast@https://registry.npmjs.org/@types/mdast/-/mdast-4.0.4.tgz 0ms (cache hit)
435 http cache @types/jsonwebtoken@https://registry.npmjs.org/@types/jsonwebtoken/-/jsonwebtoken-9.0.10.tgz 0ms (cache hit)
436 http cache @types/offscreencanvas@https://registry.npmjs.org/@types/offscreencanvas/-/offscreencanvas-2019.7.3.tgz 0ms (cache hit)
437 http cache @types/http-errors@https://registry.npmjs.org/@types/http-errors/-/http-errors-2.0.5.tgz 0ms (cache hit)
438 http cache @types/range-parser@https://registry.npmjs.org/@types/range-parser/-/range-parser-1.2.7.tgz 0ms (cache hit)
439 http cache @types/hast@https://registry.npmjs.org/@types/hast/-/hast-3.0.5.tgz 0ms (cache hit)
440 http cache @types/express-serve-static-core@https://registry.npmjs.org/@types/express-serve-static-core/-/express-serve-static-core-5.1.2.tgz 0ms (cache hit)
441 http cache @types/geojson@https://registry.npmjs.org/@types/geojson/-/geojson-7946.0.16.tgz 0ms (cache hit)
442 http cache @types/draco3d@https://registry.npmjs.org/@types/draco3d/-/draco3d-1.4.10.tgz 0ms (cache hit)
443 http cache @types/estree-jsx@https://registry.npmjs.org/@types/estree-jsx/-/estree-jsx-1.0.5.tgz 0ms (cache hit)
444 http cache @types/debug@https://registry.npmjs.org/@types/debug/-/debug-4.1.13.tgz 0ms (cache hit)
445 http cache @types/d3-zoom@https://registry.npmjs.org/@types/d3-zoom/-/d3-zoom-3.0.8.tgz 0ms (cache hit)
446 http cache @types/d3-timer@https://registry.npmjs.org/@types/d3-timer/-/d3-timer-3.0.2.tgz 0ms (cache hit)
447 http cache @types/express@https://registry.npmjs.org/@types/express/-/express-5.0.6.tgz 0ms (cache hit)
448 http cache @types/d3-transition@https://registry.npmjs.org/@types/d3-transition/-/d3-transition-3.0.9.tgz 0ms (cache hit)
449 http cache @types/estree@https://registry.npmjs.org/@types/estree/-/estree-1.0.9.tgz 0ms (cache hit)
450 http cache @types/d3-time@https://registry.npmjs.org/@types/d3-time/-/d3-time-3.0.4.tgz 0ms (cache hit)
451 http cache @types/d3-selection@https://registry.npmjs.org/@types/d3-selection/-/d3-selection-3.0.11.tgz 0ms (cache hit)
452 http cache @types/d3-shape@https://registry.npmjs.org/@types/d3-shape/-/d3-shape-3.1.8.tgz 0ms (cache hit)
453 http cache @types/d3-scale-chromatic@https://registry.npmjs.org/@types/d3-scale-chromatic/-/d3-scale-chromatic-3.1.0.tgz 0ms (cache hit)
454 http cache @types/d3-random@https://registry.npmjs.org/@types/d3-random/-/d3-random-3.0.4.tgz 0ms (cache hit)
455 http cache @types/d3-time-format@https://registry.npmjs.org/@types/d3-time-format/-/d3-time-format-4.0.3.tgz 0ms (cache hit)
456 http cache @types/d3-scale@https://registry.npmjs.org/@types/d3-scale/-/d3-scale-4.0.9.tgz 0ms (cache hit)
457 http cache @types/d3-quadtree@https://registry.npmjs.org/@types/d3-quadtree/-/d3-quadtree-3.0.6.tgz 0ms (cache hit)
458 http cache @types/d3-polygon@https://registry.npmjs.org/@types/d3-polygon/-/d3-polygon-3.0.2.tgz 0ms (cache hit)
459 http cache @types/d3-hierarchy@https://registry.npmjs.org/@types/d3-hierarchy/-/d3-hierarchy-3.1.7.tgz 0ms (cache hit)
460 http cache @types/d3-format@https://registry.npmjs.org/@types/d3-format/-/d3-format-3.0.4.tgz 0ms (cache hit)
461 http cache @types/d3-interpolate@https://registry.npmjs.org/@types/d3-interpolate/-/d3-interpolate-3.0.4.tgz 0ms (cache hit)
462 http cache @types/d3-force@https://registry.npmjs.org/@types/d3-force/-/d3-force-3.0.10.tgz 0ms (cache hit)
463 http cache @types/d3-path@https://registry.npmjs.org/@types/d3-path/-/d3-path-3.1.1.tgz 0ms (cache hit)
464 http cache @types/d3-ease@https://registry.npmjs.org/@types/d3-ease/-/d3-ease-3.0.2.tgz 0ms (cache hit)
465 http cache @types/d3-geo@https://registry.npmjs.org/@types/d3-geo/-/d3-geo-3.1.0.tgz 0ms (cache hit)
466 http cache @types/d3-dsv@https://registry.npmjs.org/@types/d3-dsv/-/d3-dsv-3.0.7.tgz 0ms (cache hit)
467 http cache @types/d3-drag@https://registry.npmjs.org/@types/d3-drag/-/d3-drag-3.0.7.tgz 0ms (cache hit)
468 http cache @types/d3-contour@https://registry.npmjs.org/@types/d3-contour/-/d3-contour-3.0.6.tgz 0ms (cache hit)
469 http cache @types/d3-delaunay@https://registry.npmjs.org/@types/d3-delaunay/-/d3-delaunay-6.0.4.tgz 0ms (cache hit)
470 http cache @types/d3-color@https://registry.npmjs.org/@types/d3-color/-/d3-color-3.1.3.tgz 0ms (cache hit)
471 http cache @types/d3-fetch@https://registry.npmjs.org/@types/d3-fetch/-/d3-fetch-3.0.7.tgz 0ms (cache hit)
472 http cache @types/d3-dispatch@https://registry.npmjs.org/@types/d3-dispatch/-/d3-dispatch-3.0.7.tgz 0ms (cache hit)
473 http cache @types/d3-brush@https://registry.npmjs.org/@types/d3-brush/-/d3-brush-3.0.6.tgz 0ms (cache hit)
474 http cache @types/d3-array@https://registry.npmjs.org/@types/d3-array/-/d3-array-3.2.2.tgz 0ms (cache hit)
475 http cache @types/cors@https://registry.npmjs.org/@types/cors/-/cors-2.8.19.tgz 0ms (cache hit)
476 http cache @types/connect@https://registry.npmjs.org/@types/connect/-/connect-3.4.38.tgz 0ms (cache hit)
477 http cache @types/d3-chord@https://registry.npmjs.org/@types/d3-chord/-/d3-chord-3.0.6.tgz 0ms (cache hit)
478 http cache @types/body-parser@https://registry.npmjs.org/@types/body-parser/-/body-parser-1.19.6.tgz 0ms (cache hit)
479 http cache @types/d3-axis@https://registry.npmjs.org/@types/d3-axis/-/d3-axis-3.0.6.tgz 0ms (cache hit)
480 http cache @types/bcryptjs@https://registry.npmjs.org/@types/bcryptjs/-/bcryptjs-2.4.6.tgz 0ms (cache hit)
481 http cache @types/d3@https://registry.npmjs.org/@types/d3/-/d3-7.4.3.tgz 0ms (cache hit)
482 http cache @types/babel__traverse@https://registry.npmjs.org/@types/babel__traverse/-/babel__traverse-7.28.0.tgz 0ms (cache hit)
483 http cache @tweenjs/tween.js@https://registry.npmjs.org/@tweenjs/tween.js/-/tween.js-23.1.3.tgz 0ms (cache hit)
484 http cache @types/babel__generator@https://registry.npmjs.org/@types/babel__generator/-/babel__generator-7.27.0.tgz 0ms (cache hit)
485 http cache @tsconfig/node14@https://registry.npmjs.org/@tsconfig/node14/-/node14-1.0.3.tgz 0ms (cache hit)
486 http cache @tsconfig/node16@https://registry.npmjs.org/@tsconfig/node16/-/node16-1.0.4.tgz 0ms (cache hit)
487 http cache @tsconfig/node12@https://registry.npmjs.org/@tsconfig/node12/-/node12-1.0.11.tgz 0ms (cache hit)
488 http cache @types/babel__core@https://registry.npmjs.org/@types/babel__core/-/babel__core-7.20.5.tgz 0ms (cache hit)
489 http cache @types/babel__template@https://registry.npmjs.org/@types/babel__template/-/babel__template-7.4.4.tgz 0ms (cache hit)
490 http cache @tanstack/react-query@https://registry.npmjs.org/@tanstack/react-query/-/react-query-5.101.2.tgz 0ms (cache hit)
491 http cache @tailwindcss/typography@https://registry.npmjs.org/@tailwindcss/typography/-/typography-0.5.20.tgz 0ms (cache hit)
492 http cache @rollup/rollup-darwin-arm64@https://registry.npmjs.org/@rollup/rollup-darwin-arm64/-/rollup-darwin-arm64-4.62.2.tgz 0ms (cache hit)
493 http cache @tsconfig/node10@https://registry.npmjs.org/@tsconfig/node10/-/node10-1.0.12.tgz 0ms (cache hit)
494 http cache @rolldown/pluginutils@https://registry.npmjs.org/@rolldown/pluginutils/-/pluginutils-1.0.0-beta.27.tgz 0ms (cache hit)
495 http cache @tanstack/query-core@https://registry.npmjs.org/@tanstack/query-core/-/query-core-5.101.2.tgz 0ms (cache hit)
496 http cache @react-three/postprocessing@https://registry.npmjs.org/@react-three/postprocessing/-/postprocessing-3.0.4.tgz 0ms (cache hit)
497 http cache @react-three/fiber@https://registry.npmjs.org/@react-three/fiber/-/fiber-9.6.1.tgz 0ms (cache hit)
498 http cache @prisma/engines-version@https://registry.npmjs.org/@prisma/engines-version/-/engines-version-7.1.1-3.c2990dca591cba766e3b7ef5d9e8a84796e47ab7.tgz 0ms (cache hit)
499 http cache @react-three/drei@https://registry.npmjs.org/@react-three/drei/-/drei-10.7.7.tgz 0ms (cache hit)
500 http cache @standard-schema/spec@https://registry.npmjs.org/@standard-schema/spec/-/spec-1.1.0.tgz 0ms (cache hit)
501 http cache @prisma/fetch-engine@https://registry.npmjs.org/@prisma/fetch-engine/-/fetch-engine-6.19.3.tgz 0ms (cache hit)
502 http cache @prisma/get-platform@https://registry.npmjs.org/@prisma/get-platform/-/get-platform-6.19.3.tgz 0ms (cache hit)
503 http cache @prisma/debug@https://registry.npmjs.org/@prisma/debug/-/debug-6.19.3.tgz 0ms (cache hit)
504 http cache @prisma/engines@https://registry.npmjs.org/@prisma/engines/-/engines-6.19.3.tgz 0ms (cache hit)
505 http cache @prisma/client@https://registry.npmjs.org/@prisma/client/-/client-6.19.3.tgz 0ms (cache hit)
506 http cache @nodelib/fs.walk@https://registry.npmjs.org/@nodelib/fs.walk/-/fs.walk-1.2.8.tgz 0ms (cache hit)
507 http cache @prisma/config@https://registry.npmjs.org/@prisma/config/-/config-6.19.3.tgz 0ms (cache hit)
508 http cache @nodelib/fs.stat@https://registry.npmjs.org/@nodelib/fs.stat/-/fs.stat-2.0.5.tgz 0ms (cache hit)
509 http cache @nodelib/fs.scandir@https://registry.npmjs.org/@nodelib/fs.scandir/-/fs.scandir-2.1.5.tgz 0ms (cache hit)
510 http cache @jridgewell/sourcemap-codec@https://registry.npmjs.org/@jridgewell/sourcemap-codec/-/sourcemap-codec-1.5.5.tgz 0ms (cache hit)
511 http cache @mediapipe/tasks-vision@https://registry.npmjs.org/@mediapipe/tasks-vision/-/tasks-vision-0.10.17.tgz 0ms (cache hit)
512 http cache @jridgewell/trace-mapping@https://registry.npmjs.org/@jridgewell/trace-mapping/-/trace-mapping-0.3.31.tgz 0ms (cache hit)
513 http cache @jridgewell/resolve-uri@https://registry.npmjs.org/@jridgewell/resolve-uri/-/resolve-uri-3.1.2.tgz 0ms (cache hit)
514 http cache @monogrid/gainmap-js@https://registry.npmjs.org/@monogrid/gainmap-js/-/gainmap-js-3.4.0.tgz 0ms (cache hit)
515 http cache @hookform/resolvers@https://registry.npmjs.org/@hookform/resolvers/-/resolvers-3.10.0.tgz 0ms (cache hit)
516 http cache @google/generative-ai@https://registry.npmjs.org/@google/generative-ai/-/generative-ai-0.24.1.tgz 0ms (cache hit)
517 http cache @jridgewell/remapping@https://registry.npmjs.org/@jridgewell/remapping/-/remapping-2.3.5.tgz 0ms (cache hit)
518 http cache @babel/traverse@https://registry.npmjs.org/@babel/traverse/-/traverse-7.29.7.tgz 0ms (cache hit)
519 http cache @cspotcode/source-map-support@https://registry.npmjs.org/@cspotcode/source-map-support/-/source-map-support-0.8.1.tgz 0ms (cache hit)
520 http cache @esbuild/darwin-arm64@https://registry.npmjs.org/@esbuild/darwin-arm64/-/darwin-arm64-0.28.1.tgz 0ms (cache hit)
521 http cache @jridgewell/gen-mapping@https://registry.npmjs.org/@jridgewell/gen-mapping/-/gen-mapping-0.3.13.tgz 0ms (cache hit)
522 http cache @babel/template@https://registry.npmjs.org/@babel/template/-/template-7.29.7.tgz 0ms (cache hit)
523 http cache @babel/types@https://registry.npmjs.org/@babel/types/-/types-7.29.7.tgz 0ms (cache hit)
524 http cache @babel/runtime@https://registry.npmjs.org/@babel/runtime/-/runtime-7.29.7.tgz 0ms (cache hit)
525 http cache @babel/parser@https://registry.npmjs.org/@babel/parser/-/parser-7.29.7.tgz 0ms (cache hit)
526 http cache @babel/helpers@https://registry.npmjs.org/@babel/helpers/-/helpers-7.29.7.tgz 0ms (cache hit)
527 http cache @babel/plugin-transform-react-jsx-self@https://registry.npmjs.org/@babel/plugin-transform-react-jsx-self/-/plugin-transform-react-jsx-self-7.29.7.tgz 0ms (cache hit)
528 http cache @babel/helper-validator-identifier@https://registry.npmjs.org/@babel/helper-validator-identifier/-/helper-validator-identifier-7.29.7.tgz 0ms (cache hit)
529 http cache @babel/helper-validator-option@https://registry.npmjs.org/@babel/helper-validator-option/-/helper-validator-option-7.29.7.tgz 0ms (cache hit)
530 http cache @babel/plugin-transform-react-jsx-source@https://registry.npmjs.org/@babel/plugin-transform-react-jsx-source/-/plugin-transform-react-jsx-source-7.29.7.tgz 0ms (cache hit)
531 http cache @babel/helper-module-imports@https://registry.npmjs.org/@babel/helper-module-imports/-/helper-module-imports-7.29.7.tgz 0ms (cache hit)
532 http cache @babel/helper-plugin-utils@https://registry.npmjs.org/@babel/helper-plugin-utils/-/helper-plugin-utils-7.29.7.tgz 0ms (cache hit)
533 http cache @babel/helper-string-parser@https://registry.npmjs.org/@babel/helper-string-parser/-/helper-string-parser-7.29.7.tgz 0ms (cache hit)
534 http cache @babel/helper-globals@https://registry.npmjs.org/@babel/helper-globals/-/helper-globals-7.29.7.tgz 0ms (cache hit)
535 http cache @babel/generator@https://registry.npmjs.org/@babel/generator/-/generator-7.29.7.tgz 0ms (cache hit)
536 http cache @babel/helper-compilation-targets@https://registry.npmjs.org/@babel/helper-compilation-targets/-/helper-compilation-targets-7.29.7.tgz 0ms (cache hit)
537 http cache @babel/helper-module-transforms@https://registry.npmjs.org/@babel/helper-module-transforms/-/helper-module-transforms-7.29.7.tgz 0ms (cache hit)
538 http cache @babel/core@https://registry.npmjs.org/@babel/core/-/core-7.29.7.tgz 0ms (cache hit)
539 http cache @babel/compat-data@https://registry.npmjs.org/@babel/compat-data/-/compat-data-7.29.7.tgz 0ms (cache hit)
540 http cache esbuild@https://registry.npmjs.org/esbuild/-/esbuild-0.25.12.tgz 0ms (cache hit)
541 http cache @esbuild/darwin-arm64@https://registry.npmjs.org/@esbuild/darwin-arm64/-/darwin-arm64-0.25.12.tgz 0ms (cache hit)
542 http cache @babel/code-frame@https://registry.npmjs.org/@babel/code-frame/-/code-frame-7.29.7.tgz 0ms (cache hit)
543 http cache zustand@https://registry.npmjs.org/zustand/-/zustand-4.5.7.tgz 0ms (cache hit)
544 http cache @alloc/quick-lru@https://registry.npmjs.org/@alloc/quick-lru/-/quick-lru-5.2.0.tgz 0ms (cache hit)
545 http cache fflate@https://registry.npmjs.org/fflate/-/fflate-0.6.10.tgz 0ms (cache hit)
546 http cache jiti@https://registry.npmjs.org/jiti/-/jiti-1.21.7.tgz 0ms (cache hit)
547 http cache chokidar@https://registry.npmjs.org/chokidar/-/chokidar-3.6.0.tgz 0ms (cache hit)
548 http cache arg@https://registry.npmjs.org/arg/-/arg-4.1.3.tgz 0ms (cache hit)
549 http cache glob-parent@https://registry.npmjs.org/glob-parent/-/glob-parent-5.1.2.tgz 0ms (cache hit)
550 http cache readdirp@https://registry.npmjs.org/readdirp/-/readdirp-3.6.0.tgz 0ms (cache hit)
551 http cache commander@https://registry.npmjs.org/commander/-/commander-4.1.1.tgz 0ms (cache hit)
552 http cache picomatch@https://registry.npmjs.org/picomatch/-/picomatch-2.3.2.tgz 0ms (cache hit)
553 http cache debug@https://registry.npmjs.org/debug/-/debug-2.6.9.tgz 0ms (cache hit)
554 http cache cookie@https://registry.npmjs.org/cookie/-/cookie-1.1.1.tgz 0ms (cache hit)
555 http cache iconv-lite@https://registry.npmjs.org/iconv-lite/-/iconv-lite-0.4.24.tgz 0ms (cache hit)
556 http cache three@https://registry.npmjs.org/three/-/three-0.170.0.tgz 0ms (cache hit)
557 http cache @types/unist@https://registry.npmjs.org/@types/unist/-/unist-2.0.11.tgz 0ms (cache hit)
558 http cache citty@https://registry.npmjs.org/citty/-/citty-0.2.2.tgz 0ms (cache hit)
559 http cache react-is@https://registry.npmjs.org/react-is/-/react-is-18.3.1.tgz 0ms (cache hit)
560 http cache picomatch@https://registry.npmjs.org/picomatch/-/picomatch-2.3.2.tgz 0ms (cache hit)
561 http cache ms@https://registry.npmjs.org/ms/-/ms-2.0.0.tgz 0ms (cache hit)
562 http cache semver@https://registry.npmjs.org/semver/-/semver-7.8.5.tgz 0ms (cache hit)
563 http cache debug@https://registry.npmjs.org/debug/-/debug-2.6.9.tgz 0ms (cache hit)
564 http cache glob-parent@https://registry.npmjs.org/glob-parent/-/glob-parent-5.1.2.tgz 0ms (cache hit)
565 http cache supports-color@https://registry.npmjs.org/supports-color/-/supports-color-7.2.0.tgz 0ms (cache hit)
566 http cache ms@https://registry.npmjs.org/ms/-/ms-2.0.0.tgz 0ms (cache hit)
567 http cache iconv-lite@https://registry.npmjs.org/iconv-lite/-/iconv-lite-0.4.24.tgz 0ms (cache hit)
568 http cache ms@https://registry.npmjs.org/ms/-/ms-2.0.0.tgz 0ms (cache hit)
569 http cache debug@https://registry.npmjs.org/debug/-/debug-2.6.9.tgz 0ms (cache hit)
570 http cache debug@https://registry.npmjs.org/debug/-/debug-2.6.9.tgz 0ms (cache hit)
571 http cache picomatch@https://registry.npmjs.org/picomatch/-/picomatch-2.3.2.tgz 0ms (cache hit)
572 http cache ms@https://registry.npmjs.org/ms/-/ms-2.0.0.tgz 0ms (cache hit)
573 silly tarball no local data for zwitch@https://registry.npmjs.org/zwitch/-/zwitch-2.0.4.tgz. Extracting by manifest.
574 silly tarball no local data for zustand@https://registry.npmjs.org/zustand/-/zustand-5.0.14.tgz. Extracting by manifest.
575 http cache postcss-selector-parser@https://registry.npmjs.org/postcss-selector-parser/-/postcss-selector-parser-6.0.10.tgz 0ms (cache hit)
576 silly tarball no local data for yargs-parser@https://registry.npmjs.org/yargs-parser/-/yargs-parser-21.1.1.tgz. Extracting by manifest.
577 silly tarball no local data for yn@https://registry.npmjs.org/yn/-/yn-3.1.1.tgz. Extracting by manifest.
578 silly tarball no local data for yargs@https://registry.npmjs.org/yargs/-/yargs-17.7.2.tgz. Extracting by manifest.
579 silly tarball no local data for y18n@https://registry.npmjs.org/y18n/-/y18n-5.0.8.tgz. Extracting by manifest.
580 silly tarball no local data for yallist@https://registry.npmjs.org/yallist/-/yallist-3.1.1.tgz. Extracting by manifest.
581 silly tarball no local data for webgl-sdf-generator@https://registry.npmjs.org/webgl-sdf-generator/-/webgl-sdf-generator-1.1.1.tgz. Extracting by manifest.
582 silly tarball no local data for which@https://registry.npmjs.org/which/-/which-2.0.2.tgz. Extracting by manifest.
583 silly tarball no local data for webgl-constants@https://registry.npmjs.org/webgl-constants/-/webgl-constants-1.1.1.tgz. Extracting by manifest.
584 silly tarball no local data for zod@https://registry.npmjs.org/zod/-/zod-3.25.76.tgz. Extracting by manifest.
585 http cache @jridgewell/trace-mapping@https://registry.npmjs.org/@jridgewell/trace-mapping/-/trace-mapping-0.3.9.tgz 0ms (cache hit)
586 silly tarball no local data for wrap-ansi@https://registry.npmjs.org/wrap-ansi/-/wrap-ansi-7.0.0.tgz. Extracting by manifest.
587 silly tarball no local data for vfile-message@https://registry.npmjs.org/vfile-message/-/vfile-message-4.0.3.tgz. Extracting by manifest.
588 http cache maath@https://registry.npmjs.org/maath/-/maath-0.6.0.tgz 0ms (cache hit)
589 silly tarball no local data for vfile@https://registry.npmjs.org/vfile/-/vfile-6.0.3.tgz. Extracting by manifest.
590 silly tarball no local data for vite@https://registry.npmjs.org/vite/-/vite-6.4.3.tgz. Extracting by manifest.
591 silly tarball no local data for vary@https://registry.npmjs.org/vary/-/vary-1.1.2.tgz. Extracting by manifest.
592 silly tarball no local data for v8-compile-cache-lib@https://registry.npmjs.org/v8-compile-cache-lib/-/v8-compile-cache-lib-3.0.1.tgz. Extracting by manifest.
593 silly tarball no local data for utility-types@https://registry.npmjs.org/utility-types/-/utility-types-3.11.0.tgz. Extracting by manifest.
594 silly tarball no local data for util-deprecate@https://registry.npmjs.org/util-deprecate/-/util-deprecate-1.0.2.tgz. Extracting by manifest.
595 silly tarball no local data for use-sync-external-store@https://registry.npmjs.org/use-sync-external-store/-/use-sync-external-store-1.6.0.tgz. Extracting by manifest.
596 silly tarball no local data for update-browserslist-db@https://registry.npmjs.org/update-browserslist-db/-/update-browserslist-db-1.2.3.tgz. Extracting by manifest.
597 silly tarball no local data for unpipe@https://registry.npmjs.org/unpipe/-/unpipe-1.0.0.tgz. Extracting by manifest.
598 silly tarball no local data for unist-util-visit-parents@https://registry.npmjs.org/unist-util-visit-parents/-/unist-util-visit-parents-6.0.2.tgz. Extracting by manifest.
599 silly tarball no local data for victory-vendor@https://registry.npmjs.org/victory-vendor/-/victory-vendor-36.9.2.tgz. Extracting by manifest.
600 silly tarball no local data for unist-util-stringify-position@https://registry.npmjs.org/unist-util-stringify-position/-/unist-util-stringify-position-4.0.0.tgz. Extracting by manifest.
601 silly tarball no local data for unist-util-visit@https://registry.npmjs.org/unist-util-visit/-/unist-util-visit-5.1.0.tgz. Extracting by manifest.
602 silly tarball no local data for unist-util-position@https://registry.npmjs.org/unist-util-position/-/unist-util-position-5.0.0.tgz. Extracting by manifest.
603 silly tarball no local data for utils-merge@https://registry.npmjs.org/utils-merge/-/utils-merge-1.0.1.tgz. Extracting by manifest.
604 silly tarball no local data for undici-types@https://registry.npmjs.org/undici-types/-/undici-types-6.21.0.tgz. Extracting by manifest.
605 silly tarball no local data for unist-util-is@https://registry.npmjs.org/unist-util-is/-/unist-util-is-6.0.1.tgz. Extracting by manifest.
606 silly tarball no local data for unified@https://registry.npmjs.org/unified/-/unified-11.0.5.tgz. Extracting by manifest.
607 silly tarball no local data for type-is@https://registry.npmjs.org/type-is/-/type-is-1.6.18.tgz. Extracting by manifest.
608 silly tarball no local data for typescript@https://registry.npmjs.org/typescript/-/typescript-5.9.3.tgz. Extracting by manifest.
609 silly tarball no local data for tslib@https://registry.npmjs.org/tslib/-/tslib-2.8.1.tgz. Extracting by manifest.
610 silly tarball no local data for tunnel-rat@https://registry.npmjs.org/tunnel-rat/-/tunnel-rat-0.1.2.tgz. Extracting by manifest.
611 silly tarball no local data for tsx@https://registry.npmjs.org/tsx/-/tsx-4.23.1.tgz. Extracting by manifest.
612 silly tarball no local data for ts-interface-checker@https://registry.npmjs.org/ts-interface-checker/-/ts-interface-checker-0.1.13.tgz. Extracting by manifest.
613 silly tarball no local data for troika-worker-utils@https://registry.npmjs.org/troika-worker-utils/-/troika-worker-utils-0.52.0.tgz. Extracting by manifest.
614 silly tarball no local data for trough@https://registry.npmjs.org/trough/-/trough-2.2.0.tgz. Extracting by manifest.
615 silly tarball no local data for troika-three-utils@https://registry.npmjs.org/troika-three-utils/-/troika-three-utils-0.52.4.tgz. Extracting by manifest.
616 silly tarball no local data for trim-lines@https://registry.npmjs.org/trim-lines/-/trim-lines-3.0.1.tgz. Extracting by manifest.
617 silly tarball no local data for ts-node@https://registry.npmjs.org/ts-node/-/ts-node-10.9.2.tgz. Extracting by manifest.
618 silly tarball no local data for tree-kill@https://registry.npmjs.org/tree-kill/-/tree-kill-1.2.2.tgz. Extracting by manifest.
619 silly tarball no local data for toidentifier@https://registry.npmjs.org/toidentifier/-/toidentifier-1.0.1.tgz. Extracting by manifest.
620 silly tarball no local data for tinyglobby@https://registry.npmjs.org/tinyglobby/-/tinyglobby-0.2.17.tgz. Extracting by manifest.
621 silly tarball no local data for to-regex-range@https://registry.npmjs.org/to-regex-range/-/to-regex-range-5.0.1.tgz. Extracting by manifest.
622 silly tarball no local data for tinyexec@https://registry.npmjs.org/tinyexec/-/tinyexec-1.2.4.tgz. Extracting by manifest.
623 silly tarball no local data for tiny-invariant@https://registry.npmjs.org/tiny-invariant/-/tiny-invariant-1.3.3.tgz. Extracting by manifest.
624 silly tarball no local data for three-stdlib@https://registry.npmjs.org/three-stdlib/-/three-stdlib-2.36.1.tgz. Extracting by manifest.
625 silly tarball no local data for three-mesh-bvh@https://registry.npmjs.org/three-mesh-bvh/-/three-mesh-bvh-0.8.3.tgz. Extracting by manifest.
626 silly tarball no local data for thenify@https://registry.npmjs.org/thenify/-/thenify-3.3.1.tgz. Extracting by manifest.
627 silly tarball no local data for thenify-all@https://registry.npmjs.org/thenify-all/-/thenify-all-1.6.0.tgz. Extracting by manifest.
628 silly tarball no local data for tailwindcss@https://registry.npmjs.org/tailwindcss/-/tailwindcss-3.4.19.tgz. Extracting by manifest.
629 silly tarball no local data for tailwind-merge@https://registry.npmjs.org/tailwind-merge/-/tailwind-merge-2.6.1.tgz. Extracting by manifest.
630 silly tarball no local data for suspend-react@https://registry.npmjs.org/suspend-react/-/suspend-react-0.1.3.tgz. Extracting by manifest.
631 silly tarball no local data for troika-three-text@https://registry.npmjs.org/troika-three-text/-/troika-three-text-0.52.4.tgz. Extracting by manifest.
632 silly tarball no local data for supports-preserve-symlinks-flag@https://registry.npmjs.org/supports-preserve-symlinks-flag/-/supports-preserve-symlinks-flag-1.0.0.tgz. Extracting by manifest.
633 silly tarball no local data for supports-color@https://registry.npmjs.org/supports-color/-/supports-color-8.1.1.tgz. Extracting by manifest.
634 silly tarball no local data for sucrase@https://registry.npmjs.org/sucrase/-/sucrase-3.35.1.tgz. Extracting by manifest.
635 silly tarball no local data for three@https://registry.npmjs.org/three/-/three-0.172.0.tgz. Extracting by manifest.
636 silly tarball no local data for style-to-object@https://registry.npmjs.org/style-to-object/-/style-to-object-1.0.14.tgz. Extracting by manifest.
637 silly tarball no local data for style-to-js@https://registry.npmjs.org/style-to-js/-/style-to-js-1.1.21.tgz. Extracting by manifest.
638 silly tarball no local data for strip-ansi@https://registry.npmjs.org/strip-ansi/-/strip-ansi-6.0.1.tgz. Extracting by manifest.
639 silly tarball no local data for stringify-entities@https://registry.npmjs.org/stringify-entities/-/stringify-entities-4.0.4.tgz. Extracting by manifest.
640 silly tarball no local data for string-width@https://registry.npmjs.org/string-width/-/string-width-4.2.3.tgz. Extracting by manifest.
641 silly tarball no local data for statuses@https://registry.npmjs.org/statuses/-/statuses-2.0.2.tgz. Extracting by manifest.
642 silly tarball no local data for stats-gl@https://registry.npmjs.org/stats-gl/-/stats-gl-2.4.2.tgz. Extracting by manifest.
643 silly tarball no local data for space-separated-tokens@https://registry.npmjs.org/space-separated-tokens/-/space-separated-tokens-2.0.2.tgz. Extracting by manifest.
644 silly tarball no local data for stats.js@https://registry.npmjs.org/stats.js/-/stats.js-0.17.0.tgz. Extracting by manifest.
645 silly tarball no local data for side-channel-weakmap@https://registry.npmjs.org/side-channel-weakmap/-/side-channel-weakmap-1.0.2.tgz. Extracting by manifest.
646 silly tarball no local data for side-channel-map@https://registry.npmjs.org/side-channel-map/-/side-channel-map-1.0.1.tgz. Extracting by manifest.
647 silly tarball no local data for side-channel-list@https://registry.npmjs.org/side-channel-list/-/side-channel-list-1.0.1.tgz. Extracting by manifest.
648 silly tarball no local data for source-map-js@https://registry.npmjs.org/source-map-js/-/source-map-js-1.2.1.tgz. Extracting by manifest.
649 silly tarball no local data for side-channel@https://registry.npmjs.org/side-channel/-/side-channel-1.1.1.tgz. Extracting by manifest.
650 silly tarball no local data for shell-quote@https://registry.npmjs.org/shell-quote/-/shell-quote-1.9.0.tgz. Extracting by manifest.
651 silly tarball no local data for shebang-command@https://registry.npmjs.org/shebang-command/-/shebang-command-2.0.0.tgz. Extracting by manifest.
652 silly tarball no local data for setprototypeof@https://registry.npmjs.org/setprototypeof/-/setprototypeof-1.2.0.tgz. Extracting by manifest.
653 silly tarball no local data for serve-static@https://registry.npmjs.org/serve-static/-/serve-static-1.16.3.tgz. Extracting by manifest.
654 silly tarball no local data for send@https://registry.npmjs.org/send/-/send-0.19.2.tgz. Extracting by manifest.
655 silly tarball no local data for semver@https://registry.npmjs.org/semver/-/semver-6.3.1.tgz. Extracting by manifest.
656 silly tarball no local data for scheduler@https://registry.npmjs.org/scheduler/-/scheduler-0.27.0.tgz. Extracting by manifest.
657 silly tarball no local data for safer-buffer@https://registry.npmjs.org/safer-buffer/-/safer-buffer-2.1.2.tgz. Extracting by manifest.
658 silly tarball no local data for set-cookie-parser@https://registry.npmjs.org/set-cookie-parser/-/set-cookie-parser-2.7.2.tgz. Extracting by manifest.
659 silly tarball no local data for shebang-regex@https://registry.npmjs.org/shebang-regex/-/shebang-regex-3.0.0.tgz. Extracting by manifest.
660 silly tarball no local data for safe-buffer@https://registry.npmjs.org/safe-buffer/-/safe-buffer-5.2.1.tgz. Extracting by manifest.
661 silly tarball no local data for rw@https://registry.npmjs.org/rw/-/rw-1.3.3.tgz. Extracting by manifest.
662 silly tarball no local data for run-parallel@https://registry.npmjs.org/run-parallel/-/run-parallel-1.2.0.tgz. Extracting by manifest.
663 silly tarball no local data for robust-predicates@https://registry.npmjs.org/robust-predicates/-/robust-predicates-3.0.3.tgz. Extracting by manifest.
664 silly tarball no local data for reusify@https://registry.npmjs.org/reusify/-/reusify-1.1.0.tgz. Extracting by manifest.
665 silly tarball no local data for resolve@https://registry.npmjs.org/resolve/-/resolve-1.22.12.tgz. Extracting by manifest.
666 silly tarball no local data for rollup@https://registry.npmjs.org/rollup/-/rollup-4.62.2.tgz. Extracting by manifest.
667 silly tarball no local data for require-directory@https://registry.npmjs.org/require-directory/-/require-directory-2.1.1.tgz. Extracting by manifest.
668 silly tarball no local data for rxjs@https://registry.npmjs.org/rxjs/-/rxjs-7.8.2.tgz. Extracting by manifest.
669 silly tarball no local data for remark-rehype@https://registry.npmjs.org/remark-rehype/-/remark-rehype-11.1.2.tgz. Extracting by manifest.
670 silly tarball no local data for remark-parse@https://registry.npmjs.org/remark-parse/-/remark-parse-11.0.0.tgz. Extracting by manifest.
671 silly tarball no local data for recharts-scale@https://registry.npmjs.org/recharts-scale/-/recharts-scale-0.4.5.tgz. Extracting by manifest.
672 silly tarball no local data for recharts@https://registry.npmjs.org/recharts/-/recharts-2.15.4.tgz. Extracting by manifest.
673 silly tarball no local data for readdirp@https://registry.npmjs.org/readdirp/-/readdirp-4.1.2.tgz. Extracting by manifest.
674 silly tarball no local data for read-cache@https://registry.npmjs.org/read-cache/-/read-cache-1.0.0.tgz. Extracting by manifest.
675 silly tarball no local data for react-use-measure@https://registry.npmjs.org/react-use-measure/-/react-use-measure-2.1.7.tgz. Extracting by manifest.
676 silly tarball no local data for react-transition-group@https://registry.npmjs.org/react-transition-group/-/react-transition-group-4.4.5.tgz. Extracting by manifest.
677 silly tarball no local data for react-smooth@https://registry.npmjs.org/react-smooth/-/react-smooth-4.0.4.tgz. Extracting by manifest.
678 silly tarball no local data for require-from-string@https://registry.npmjs.org/require-from-string/-/require-from-string-2.0.2.tgz. Extracting by manifest.
679 silly tarball no local data for react-router-dom@https://registry.npmjs.org/react-router-dom/-/react-router-dom-7.18.1.tgz. Extracting by manifest.
680 silly tarball no local data for react-refresh@https://registry.npmjs.org/react-refresh/-/react-refresh-0.17.0.tgz. Extracting by manifest.
681 silly tarball no local data for react-markdown@https://registry.npmjs.org/react-markdown/-/react-markdown-10.1.0.tgz. Extracting by manifest.
682 silly tarball no local data for react-is@https://registry.npmjs.org/react-is/-/react-is-16.13.1.tgz. Extracting by manifest.
683 silly tarball no local data for react-router@https://registry.npmjs.org/react-router/-/react-router-7.18.1.tgz. Extracting by manifest.
684 silly tarball no local data for react-dom@https://registry.npmjs.org/react-dom/-/react-dom-19.2.7.tgz. Extracting by manifest.
685 silly tarball no local data for react@https://registry.npmjs.org/react/-/react-19.2.7.tgz. Extracting by manifest.
686 silly tarball no local data for react-hook-form@https://registry.npmjs.org/react-hook-form/-/react-hook-form-7.82.0.tgz. Extracting by manifest.
687 silly tarball no local data for raw-body@https://registry.npmjs.org/raw-body/-/raw-body-2.5.3.tgz. Extracting by manifest.
688 silly tarball no local data for range-parser@https://registry.npmjs.org/range-parser/-/range-parser-1.2.1.tgz. Extracting by manifest.
689 silly tarball no local data for pure-rand@https://registry.npmjs.org/pure-rand/-/pure-rand-6.1.0.tgz. Extracting by manifest.
690 silly tarball no local data for rc9@https://registry.npmjs.org/rc9/-/rc9-2.1.2.tgz. Extracting by manifest.
691 silly tarball no local data for qs@https://registry.npmjs.org/qs/-/qs-6.15.3.tgz. Extracting by manifest.
692 silly tarball no local data for property-information@https://registry.npmjs.org/property-information/-/property-information-7.2.0.tgz. Extracting by manifest.
693 silly tarball no local data for promise-worker-transferable@https://registry.npmjs.org/promise-worker-transferable/-/promise-worker-transferable-1.0.4.tgz. Extracting by manifest.
694 silly tarball no local data for prop-types@https://registry.npmjs.org/prop-types/-/prop-types-15.8.1.tgz. Extracting by manifest.
695 silly tarball no local data for queue-microtask@https://registry.npmjs.org/queue-microtask/-/queue-microtask-1.2.3.tgz. Extracting by manifest.
696 silly tarball no local data for proxy-addr@https://registry.npmjs.org/proxy-addr/-/proxy-addr-2.0.7.tgz. Extracting by manifest.
697 silly tarball no local data for prisma@https://registry.npmjs.org/prisma/-/prisma-6.19.3.tgz. Extracting by manifest.
698 silly tarball no local data for potpack@https://registry.npmjs.org/potpack/-/potpack-1.0.2.tgz. Extracting by manifest.
699 silly tarball no local data for postcss-selector-parser@https://registry.npmjs.org/postcss-selector-parser/-/postcss-selector-parser-6.1.4.tgz. Extracting by manifest.
700 silly tarball no local data for postcss-value-parser@https://registry.npmjs.org/postcss-value-parser/-/postcss-value-parser-4.2.0.tgz. Extracting by manifest.
701 silly tarball no local data for postprocessing@https://registry.npmjs.org/postprocessing/-/postprocessing-6.39.3.tgz. Extracting by manifest.
702 silly tarball no local data for postcss-nested@https://registry.npmjs.org/postcss-nested/-/postcss-nested-6.2.0.tgz. Extracting by manifest.
703 silly tarball no local data for postcss-js@https://registry.npmjs.org/postcss-js/-/postcss-js-4.1.0.tgz. Extracting by manifest.
704 silly tarball no local data for postcss-load-config@https://registry.npmjs.org/postcss-load-config/-/postcss-load-config-6.0.1.tgz. Extracting by manifest.
705 silly tarball no local data for postcss@https://registry.npmjs.org/postcss/-/postcss-8.5.20.tgz. Extracting by manifest.
706 silly tarball no local data for pirates@https://registry.npmjs.org/pirates/-/pirates-4.0.7.tgz. Extracting by manifest.
707 silly tarball no local data for pkg-types@https://registry.npmjs.org/pkg-types/-/pkg-types-2.3.1.tgz. Extracting by manifest.
708 silly tarball no local data for pify@https://registry.npmjs.org/pify/-/pify-2.3.0.tgz. Extracting by manifest.
709 silly tarball no local data for picocolors@https://registry.npmjs.org/picocolors/-/picocolors-1.1.1.tgz. Extracting by manifest.
710 silly tarball no local data for postcss-import@https://registry.npmjs.org/postcss-import/-/postcss-import-15.1.0.tgz. Extracting by manifest.
711 silly tarball no local data for perfect-debounce@https://registry.npmjs.org/perfect-debounce/-/perfect-debounce-1.0.0.tgz. Extracting by manifest.
712 silly tarball no local data for path-parse@https://registry.npmjs.org/path-parse/-/path-parse-1.0.7.tgz. Extracting by manifest.
713 silly tarball no local data for path-to-regexp@https://registry.npmjs.org/path-to-regexp/-/path-to-regexp-0.1.13.tgz. Extracting by manifest.
714 silly tarball no local data for pathe@https://registry.npmjs.org/pathe/-/pathe-2.0.3.tgz. Extracting by manifest.
715 silly tarball no local data for path-key@https://registry.npmjs.org/path-key/-/path-key-3.1.1.tgz. Extracting by manifest.
716 silly tarball no local data for ohash@https://registry.npmjs.org/ohash/-/ohash-2.0.11.tgz. Extracting by manifest.
717 silly tarball no local data for parse-entities@https://registry.npmjs.org/parse-entities/-/parse-entities-4.0.2.tgz. Extracting by manifest.
718 silly tarball no local data for picomatch@https://registry.npmjs.org/picomatch/-/picomatch-4.0.5.tgz. Extracting by manifest.
719 silly tarball no local data for on-finished@https://registry.npmjs.org/on-finished/-/on-finished-2.4.1.tgz. Extracting by manifest.
720 silly tarball no local data for parseurl@https://registry.npmjs.org/parseurl/-/parseurl-1.3.3.tgz. Extracting by manifest.
721 silly tarball no local data for object-hash@https://registry.npmjs.org/object-hash/-/object-hash-3.0.0.tgz. Extracting by manifest.
722 silly tarball no local data for nypm@https://registry.npmjs.org/nypm/-/nypm-0.6.8.tgz. Extracting by manifest.
723 silly tarball no local data for normalize-path@https://registry.npmjs.org/normalize-path/-/normalize-path-3.0.0.tgz. Extracting by manifest.
724 silly tarball no local data for node-releases@https://registry.npmjs.org/node-releases/-/node-releases-2.0.51.tgz. Extracting by manifest.
725 silly tarball no local data for object-assign@https://registry.npmjs.org/object-assign/-/object-assign-4.1.1.tgz. Extracting by manifest.
726 silly tarball no local data for node-fetch-native@https://registry.npmjs.org/node-fetch-native/-/node-fetch-native-1.6.7.tgz. Extracting by manifest.
727 silly tarball no local data for negotiator@https://registry.npmjs.org/negotiator/-/negotiator-0.6.3.tgz. Extracting by manifest.
728 silly tarball no local data for nanoid@https://registry.npmjs.org/nanoid/-/nanoid-3.3.16.tgz. Extracting by manifest.
729 silly tarball no local data for ogl@https://registry.npmjs.org/ogl/-/ogl-1.0.11.tgz. Extracting by manifest.
730 silly tarball no local data for n8ao@https://registry.npmjs.org/n8ao/-/n8ao-1.10.3.tgz. Extracting by manifest.
731 silly tarball no local data for mz@https://registry.npmjs.org/mz/-/mz-2.7.0.tgz. Extracting by manifest.
732 silly tarball no local data for motion-utils@https://registry.npmjs.org/motion-utils/-/motion-utils-11.18.1.tgz. Extracting by manifest.
733 silly tarball no local data for object-inspect@https://registry.npmjs.org/object-inspect/-/object-inspect-1.13.4.tgz. Extracting by manifest.
734 silly tarball no local data for mime-types@https://registry.npmjs.org/mime-types/-/mime-types-2.1.35.tgz. Extracting by manifest.
735 silly tarball no local data for ms@https://registry.npmjs.org/ms/-/ms-2.1.3.tgz. Extracting by manifest.
736 silly tarball no local data for motion-dom@https://registry.npmjs.org/motion-dom/-/motion-dom-11.18.1.tgz. Extracting by manifest.
737 silly tarball no local data for mime-db@https://registry.npmjs.org/mime-db/-/mime-db-1.52.0.tgz. Extracting by manifest.
738 silly tarball no local data for micromatch@https://registry.npmjs.org/micromatch/-/micromatch-4.0.8.tgz. Extracting by manifest.
739 silly tarball no local data for mime@https://registry.npmjs.org/mime/-/mime-1.6.0.tgz. Extracting by manifest.
740 silly tarball no local data for micromark-util-symbol@https://registry.npmjs.org/micromark-util-symbol/-/micromark-util-symbol-2.0.1.tgz. Extracting by manifest.
741 silly tarball no local data for micromark-util-sanitize-uri@https://registry.npmjs.org/micromark-util-sanitize-uri/-/micromark-util-sanitize-uri-2.0.1.tgz. Extracting by manifest.
742 silly tarball no local data for micromark-util-types@https://registry.npmjs.org/micromark-util-types/-/micromark-util-types-2.0.2.tgz. Extracting by manifest.
743 silly tarball no local data for micromark-util-resolve-all@https://registry.npmjs.org/micromark-util-resolve-all/-/micromark-util-resolve-all-2.0.1.tgz. Extracting by manifest.
744 silly tarball no local data for micromark-util-normalize-identifier@https://registry.npmjs.org/micromark-util-normalize-identifier/-/micromark-util-normalize-identifier-2.0.1.tgz. Extracting by manifest.
745 silly tarball no local data for micromark-util-html-tag-name@https://registry.npmjs.org/micromark-util-html-tag-name/-/micromark-util-html-tag-name-2.0.1.tgz. Extracting by manifest.
746 silly tarball no local data for micromark-util-decode-string@https://registry.npmjs.org/micromark-util-decode-string/-/micromark-util-decode-string-2.0.1.tgz. Extracting by manifest.
747 silly tarball no local data for micromark-util-combine-extensions@https://registry.npmjs.org/micromark-util-combine-extensions/-/micromark-util-combine-extensions-2.0.1.tgz. Extracting by manifest.
748 silly tarball no local data for micromark-util-classify-character@https://registry.npmjs.org/micromark-util-classify-character/-/micromark-util-classify-character-2.0.1.tgz. Extracting by manifest.
749 silly tarball no local data for micromark-util-encode@https://registry.npmjs.org/micromark-util-encode/-/micromark-util-encode-2.0.1.tgz. Extracting by manifest.
750 silly tarball no local data for micromark-util-chunked@https://registry.npmjs.org/micromark-util-chunked/-/micromark-util-chunked-2.0.1.tgz. Extracting by manifest.
751 silly tarball no local data for micromark-util-decode-numeric-character-reference@https://registry.npmjs.org/micromark-util-decode-numeric-character-reference/-/micromark-util-decode-numeric-character-reference-2.0.2.tgz. Extracting by manifest.
752 silly tarball no local data for micromark-util-character@https://registry.npmjs.org/micromark-util-character/-/micromark-util-character-2.1.1.tgz. Extracting by manifest.
753 silly tarball no local data for micromark-factory-whitespace@https://registry.npmjs.org/micromark-factory-whitespace/-/micromark-factory-whitespace-2.0.1.tgz. Extracting by manifest.
754 silly tarball no local data for micromark-factory-title@https://registry.npmjs.org/micromark-factory-title/-/micromark-factory-title-2.0.1.tgz. Extracting by manifest.
755 silly tarball no local data for micromark-factory-space@https://registry.npmjs.org/micromark-factory-space/-/micromark-factory-space-2.0.1.tgz. Extracting by manifest.
756 silly tarball no local data for micromark-factory-destination@https://registry.npmjs.org/micromark-factory-destination/-/micromark-factory-destination-2.0.1.tgz. Extracting by manifest.
757 silly tarball no local data for micromark-factory-label@https://registry.npmjs.org/micromark-factory-label/-/micromark-factory-label-2.0.1.tgz. Extracting by manifest.
758 silly tarball no local data for micromark@https://registry.npmjs.org/micromark/-/micromark-4.0.2.tgz. Extracting by manifest.
759 silly tarball no local data for methods@https://registry.npmjs.org/methods/-/methods-1.1.2.tgz. Extracting by manifest.
760 silly tarball no local data for micromark-core-commonmark@https://registry.npmjs.org/micromark-core-commonmark/-/micromark-core-commonmark-2.0.3.tgz. Extracting by manifest.
761 silly tarball no local data for meshoptimizer@https://registry.npmjs.org/meshoptimizer/-/meshoptimizer-0.18.1.tgz. Extracting by manifest.
762 silly tarball no local data for micromark-util-subtokenize@https://registry.npmjs.org/micromark-util-subtokenize/-/micromark-util-subtokenize-2.1.0.tgz. Extracting by manifest.
763 silly tarball no local data for meshline@https://registry.npmjs.org/meshline/-/meshline-3.3.1.tgz. Extracting by manifest.
764 silly tarball no local data for media-typer@https://registry.npmjs.org/media-typer/-/media-typer-0.3.0.tgz. Extracting by manifest.
765 silly tarball no local data for merge-descriptors@https://registry.npmjs.org/merge-descriptors/-/merge-descriptors-1.0.3.tgz. Extracting by manifest.
766 silly tarball no local data for mdast-util-to-hast@https://registry.npmjs.org/mdast-util-to-hast/-/mdast-util-to-hast-13.2.1.tgz. Extracting by manifest.
767 silly tarball no local data for mdast-util-to-markdown@https://registry.npmjs.org/mdast-util-to-markdown/-/mdast-util-to-markdown-2.1.2.tgz. Extracting by manifest.
768 silly tarball no local data for merge2@https://registry.npmjs.org/merge2/-/merge2-1.4.1.tgz. Extracting by manifest.
769 silly tarball no local data for mdast-util-to-string@https://registry.npmjs.org/mdast-util-to-string/-/mdast-util-to-string-4.0.0.tgz. Extracting by manifest.
770 silly tarball no local data for mdast-util-mdx-expression@https://registry.npmjs.org/mdast-util-mdx-expression/-/mdast-util-mdx-expression-2.0.1.tgz. Extracting by manifest.
771 silly tarball no local data for mdast-util-from-markdown@https://registry.npmjs.org/mdast-util-from-markdown/-/mdast-util-from-markdown-2.0.3.tgz. Extracting by manifest.
772 silly tarball no local data for mdast-util-phrasing@https://registry.npmjs.org/mdast-util-phrasing/-/mdast-util-phrasing-4.1.0.tgz. Extracting by manifest.
773 silly tarball no local data for mdast-util-mdxjs-esm@https://registry.npmjs.org/mdast-util-mdxjs-esm/-/mdast-util-mdxjs-esm-2.0.1.tgz. Extracting by manifest.
774 silly tarball no local data for math-intrinsics@https://registry.npmjs.org/math-intrinsics/-/math-intrinsics-1.1.0.tgz. Extracting by manifest.
775 silly tarball no local data for maath@https://registry.npmjs.org/maath/-/maath-0.10.8.tgz. Extracting by manifest.
776 silly tarball no local data for lru-cache@https://registry.npmjs.org/lru-cache/-/lru-cache-5.1.1.tgz. Extracting by manifest.
777 silly tarball no local data for lucide-react@https://registry.npmjs.org/lucide-react/-/lucide-react-1.25.0.tgz. Extracting by manifest.
778 silly tarball no local data for longest-streak@https://registry.npmjs.org/longest-streak/-/longest-streak-3.1.0.tgz. Extracting by manifest.
779 silly tarball no local data for make-error@https://registry.npmjs.org/make-error/-/make-error-1.3.6.tgz. Extracting by manifest.
780 silly tarball no local data for loose-envify@https://registry.npmjs.org/loose-envify/-/loose-envify-1.4.0.tgz. Extracting by manifest.
781 silly tarball no local data for lodash.once@https://registry.npmjs.org/lodash.once/-/lodash.once-4.1.1.tgz. Extracting by manifest.
782 silly tarball no local data for lodash.isstring@https://registry.npmjs.org/lodash.isstring/-/lodash.isstring-4.0.1.tgz. Extracting by manifest.
783 silly tarball no local data for lodash.isnumber@https://registry.npmjs.org/lodash.isnumber/-/lodash.isnumber-3.0.3.tgz. Extracting by manifest.
784 silly tarball no local data for lodash.isplainobject@https://registry.npmjs.org/lodash.isplainobject/-/lodash.isplainobject-4.0.6.tgz. Extracting by manifest.
785 silly tarball no local data for mdast-util-mdx-jsx@https://registry.npmjs.org/mdast-util-mdx-jsx/-/mdast-util-mdx-jsx-3.2.0.tgz. Extracting by manifest.
786 silly tarball no local data for lodash.isinteger@https://registry.npmjs.org/lodash.isinteger/-/lodash.isinteger-4.0.4.tgz. Extracting by manifest.
787 silly tarball no local data for lodash.includes@https://registry.npmjs.org/lodash.includes/-/lodash.includes-4.3.0.tgz. Extracting by manifest.
788 silly tarball no local data for lines-and-columns@https://registry.npmjs.org/lines-and-columns/-/lines-and-columns-1.2.4.tgz. Extracting by manifest.
789 silly tarball no local data for lodash.isboolean@https://registry.npmjs.org/lodash.isboolean/-/lodash.isboolean-3.0.3.tgz. Extracting by manifest.
790 silly tarball no local data for lilconfig@https://registry.npmjs.org/lilconfig/-/lilconfig-3.1.3.tgz. Extracting by manifest.
791 silly tarball no local data for jws@https://registry.npmjs.org/jws/-/jws-4.0.1.tgz. Extracting by manifest.
792 silly tarball no local data for lodash@https://registry.npmjs.org/lodash/-/lodash-4.18.1.tgz. Extracting by manifest.
793 silly tarball no local data for lie@https://registry.npmjs.org/lie/-/lie-3.3.0.tgz. Extracting by manifest.
794 silly tarball no local data for jsonwebtoken@https://registry.npmjs.org/jsonwebtoken/-/jsonwebtoken-9.0.3.tgz. Extracting by manifest.
795 silly tarball no local data for json5@https://registry.npmjs.org/json5/-/json5-2.2.3.tgz. Extracting by manifest.
796 silly tarball no local data for jwa@https://registry.npmjs.org/jwa/-/jwa-2.0.1.tgz. Extracting by manifest.
797 silly tarball no local data for js-tokens@https://registry.npmjs.org/js-tokens/-/js-tokens-4.0.0.tgz. Extracting by manifest.
798 silly tarball no local data for its-fine@https://registry.npmjs.org/its-fine/-/its-fine-2.0.0.tgz. Extracting by manifest.
799 silly tarball no local data for is-plain-obj@https://registry.npmjs.org/is-plain-obj/-/is-plain-obj-4.1.0.tgz. Extracting by manifest.
800 silly tarball no local data for jiti@https://registry.npmjs.org/jiti/-/jiti-2.7.0.tgz. Extracting by manifest.
801 silly tarball no local data for is-promise@https://registry.npmjs.org/is-promise/-/is-promise-2.2.2.tgz. Extracting by manifest.
802 silly tarball no local data for isexe@https://registry.npmjs.org/isexe/-/isexe-2.0.0.tgz. Extracting by manifest.
803 silly tarball no local data for is-hexadecimal@https://registry.npmjs.org/is-hexadecimal/-/is-hexadecimal-2.0.1.tgz. Extracting by manifest.
804 silly tarball no local data for is-number@https://registry.npmjs.org/is-number/-/is-number-7.0.0.tgz. Extracting by manifest.
805 silly tarball no local data for jsesc@https://registry.npmjs.org/jsesc/-/jsesc-3.1.0.tgz. Extracting by manifest.
806 silly tarball no local data for is-glob@https://registry.npmjs.org/is-glob/-/is-glob-4.0.3.tgz. Extracting by manifest.
807 silly tarball no local data for is-decimal@https://registry.npmjs.org/is-decimal/-/is-decimal-2.0.1.tgz. Extracting by manifest.
808 silly tarball no local data for is-binary-path@https://registry.npmjs.org/is-binary-path/-/is-binary-path-2.1.0.tgz. Extracting by manifest.
809 silly tarball no local data for is-core-module@https://registry.npmjs.org/is-core-module/-/is-core-module-2.16.2.tgz. Extracting by manifest.
810 silly tarball no local data for is-alphabetical@https://registry.npmjs.org/is-alphabetical/-/is-alphabetical-2.0.1.tgz. Extracting by manifest.
811 silly tarball no local data for is-fullwidth-code-point@https://registry.npmjs.org/is-fullwidth-code-point/-/is-fullwidth-code-point-3.0.0.tgz. Extracting by manifest.
812 silly tarball no local data for is-alphanumerical@https://registry.npmjs.org/is-alphanumerical/-/is-alphanumerical-2.0.1.tgz. Extracting by manifest.
813 silly tarball no local data for is-extglob@https://registry.npmjs.org/is-extglob/-/is-extglob-2.1.1.tgz. Extracting by manifest.
814 silly tarball no local data for internmap@https://registry.npmjs.org/internmap/-/internmap-2.0.3.tgz. Extracting by manifest.
815 silly tarball no local data for inline-style-parser@https://registry.npmjs.org/inline-style-parser/-/inline-style-parser-0.2.7.tgz. Extracting by manifest.
816 silly tarball no local data for iconv-lite@https://registry.npmjs.org/iconv-lite/-/iconv-lite-0.6.3.tgz. Extracting by manifest.
817 silly tarball no local data for ieee754@https://registry.npmjs.org/ieee754/-/ieee754-1.2.1.tgz. Extracting by manifest.
818 silly tarball no local data for ipaddr.js@https://registry.npmjs.org/ipaddr.js/-/ipaddr.js-1.9.1.tgz. Extracting by manifest.
819 silly tarball no local data for inherits@https://registry.npmjs.org/inherits/-/inherits-2.0.4.tgz. Extracting by manifest.
820 silly tarball no local data for http-errors@https://registry.npmjs.org/http-errors/-/http-errors-2.0.1.tgz. Extracting by manifest.
821 silly tarball no local data for hls.js@https://registry.npmjs.org/hls.js/-/hls.js-1.6.16.tgz. Extracting by manifest.
822 silly tarball no local data for immediate@https://registry.npmjs.org/immediate/-/immediate-3.0.6.tgz. Extracting by manifest.
823 silly tarball no local data for hast-util-to-jsx-runtime@https://registry.npmjs.org/hast-util-to-jsx-runtime/-/hast-util-to-jsx-runtime-2.3.6.tgz. Extracting by manifest.
824 silly tarball no local data for hast-util-whitespace@https://registry.npmjs.org/hast-util-whitespace/-/hast-util-whitespace-3.0.0.tgz. Extracting by manifest.
825 silly tarball no local data for html-url-attributes@https://registry.npmjs.org/html-url-attributes/-/html-url-attributes-3.0.1.tgz. Extracting by manifest.
826 silly tarball no local data for has-flag@https://registry.npmjs.org/has-flag/-/has-flag-4.0.0.tgz. Extracting by manifest.
827 silly tarball no local data for has-symbols@https://registry.npmjs.org/has-symbols/-/has-symbols-1.1.0.tgz. Extracting by manifest.
828 silly tarball no local data for hasown@https://registry.npmjs.org/hasown/-/hasown-2.0.4.tgz. Extracting by manifest.
829 silly tarball no local data for gsap@https://registry.npmjs.org/gsap/-/gsap-3.15.0.tgz. Extracting by manifest.
830 silly tarball no local data for gopd@https://registry.npmjs.org/gopd/-/gopd-1.2.0.tgz. Extracting by manifest.
831 silly tarball no local data for glsl-noise@https://registry.npmjs.org/glsl-noise/-/glsl-noise-0.0.0.tgz. Extracting by manifest.
832 silly tarball no local data for get-proto@https://registry.npmjs.org/get-proto/-/get-proto-1.0.1.tgz. Extracting by manifest.
833 silly tarball no local data for get-caller-file@https://registry.npmjs.org/get-caller-file/-/get-caller-file-2.0.5.tgz. Extracting by manifest.
834 silly tarball no local data for gensync@https://registry.npmjs.org/gensync/-/gensync-1.0.0-beta.2.tgz. Extracting by manifest.
835 silly tarball no local data for giget@https://registry.npmjs.org/giget/-/giget-2.0.0.tgz. Extracting by manifest.
836 silly tarball no local data for get-intrinsic@https://registry.npmjs.org/get-intrinsic/-/get-intrinsic-1.3.0.tgz. Extracting by manifest.
837 silly tarball no local data for fsevents@https://registry.npmjs.org/fsevents/-/fsevents-2.3.3.tgz. Extracting by manifest.
838 silly tarball no local data for function-bind@https://registry.npmjs.org/function-bind/-/function-bind-1.1.2.tgz. Extracting by manifest.
839 silly tarball no local data for fresh@https://registry.npmjs.org/fresh/-/fresh-0.5.2.tgz. Extracting by manifest.
840 silly tarball no local data for glob-parent@https://registry.npmjs.org/glob-parent/-/glob-parent-6.0.2.tgz. Extracting by manifest.
841 silly tarball no local data for fraction.js@https://registry.npmjs.org/fraction.js/-/fraction.js-5.3.4.tgz. Extracting by manifest.
842 silly tarball no local data for framer-motion@https://registry.npmjs.org/framer-motion/-/framer-motion-11.18.2.tgz. Extracting by manifest.
843 silly tarball no local data for forwarded@https://registry.npmjs.org/forwarded/-/forwarded-0.2.0.tgz. Extracting by manifest.
844 silly tarball no local data for fdir@https://registry.npmjs.org/fdir/-/fdir-6.5.0.tgz. Extracting by manifest.
845 silly tarball no local data for finalhandler@https://registry.npmjs.org/finalhandler/-/finalhandler-1.3.2.tgz. Extracting by manifest.
846 silly tarball no local data for fflate@https://registry.npmjs.org/fflate/-/fflate-0.8.3.tgz. Extracting by manifest.
847 silly tarball no local data for fill-range@https://registry.npmjs.org/fill-range/-/fill-range-7.1.1.tgz. Extracting by manifest.
848 silly tarball no local data for fastq@https://registry.npmjs.org/fastq/-/fastq-1.20.1.tgz. Extracting by manifest.
849 silly tarball no local data for fast-check@https://registry.npmjs.org/fast-check/-/fast-check-3.23.2.tgz. Extracting by manifest.
850 silly tarball no local data for fast-glob@https://registry.npmjs.org/fast-glob/-/fast-glob-3.3.3.tgz. Extracting by manifest.
851 silly tarball no local data for fast-equals@https://registry.npmjs.org/fast-equals/-/fast-equals-5.4.1.tgz. Extracting by manifest.
852 silly tarball no local data for exsolve@https://registry.npmjs.org/exsolve/-/exsolve-1.1.0.tgz. Extracting by manifest.
853 silly tarball no local data for express@https://registry.npmjs.org/express/-/express-4.22.2.tgz. Extracting by manifest.
854 silly tarball no local data for extend@https://registry.npmjs.org/extend/-/extend-3.0.2.tgz. Extracting by manifest.
855 silly tarball no local data for etag@https://registry.npmjs.org/etag/-/etag-1.8.1.tgz. Extracting by manifest.
856 silly tarball no local data for estree-util-is-identifier-name@https://registry.npmjs.org/estree-util-is-identifier-name/-/estree-util-is-identifier-name-3.0.0.tgz. Extracting by manifest.
857 silly tarball no local data for escalade@https://registry.npmjs.org/escalade/-/escalade-3.2.0.tgz. Extracting by manifest.
858 silly tarball no local data for eventemitter3@https://registry.npmjs.org/eventemitter3/-/eventemitter3-4.0.7.tgz. Extracting by manifest.
859 silly tarball no local data for es-object-atoms@https://registry.npmjs.org/es-object-atoms/-/es-object-atoms-1.1.2.tgz. Extracting by manifest.
860 silly tarball no local data for escape-html@https://registry.npmjs.org/escape-html/-/escape-html-1.0.3.tgz. Extracting by manifest.
861 silly tarball no local data for esbuild@https://registry.npmjs.org/esbuild/-/esbuild-0.28.1.tgz. Extracting by manifest.
862 silly tarball no local data for es-errors@https://registry.npmjs.org/es-errors/-/es-errors-1.3.0.tgz. Extracting by manifest.
863 silly tarball no local data for es-define-property@https://registry.npmjs.org/es-define-property/-/es-define-property-1.0.1.tgz. Extracting by manifest.
864 silly tarball no local data for emoji-regex@https://registry.npmjs.org/emoji-regex/-/emoji-regex-8.0.0.tgz. Extracting by manifest.
865 silly tarball no local data for electron-to-chromium@https://registry.npmjs.org/electron-to-chromium/-/electron-to-chromium-1.5.393.tgz. Extracting by manifest.
866 silly tarball no local data for empathic@https://registry.npmjs.org/empathic/-/empathic-2.0.0.tgz. Extracting by manifest.
867 silly tarball no local data for encodeurl@https://registry.npmjs.org/encodeurl/-/encodeurl-2.0.0.tgz. Extracting by manifest.
868 silly tarball no local data for ee-first@https://registry.npmjs.org/ee-first/-/ee-first-1.1.1.tgz. Extracting by manifest.
869 silly tarball no local data for effect@https://registry.npmjs.org/effect/-/effect-3.21.0.tgz. Extracting by manifest.
870 silly tarball no local data for ecdsa-sig-formatter@https://registry.npmjs.org/ecdsa-sig-formatter/-/ecdsa-sig-formatter-1.0.11.tgz. Extracting by manifest.
871 silly tarball no local data for dunder-proto@https://registry.npmjs.org/dunder-proto/-/dunder-proto-1.0.1.tgz. Extracting by manifest.
872 silly tarball no local data for dotenv@https://registry.npmjs.org/dotenv/-/dotenv-16.6.1.tgz. Extracting by manifest.
873 silly tarball no local data for draco3d@https://registry.npmjs.org/draco3d/-/draco3d-1.5.7.tgz. Extracting by manifest.
874 silly tarball no local data for dlv@https://registry.npmjs.org/dlv/-/dlv-1.1.3.tgz. Extracting by manifest.
875 silly tarball no local data for diff@https://registry.npmjs.org/diff/-/diff-4.0.4.tgz. Extracting by manifest.
876 silly tarball no local data for devlop@https://registry.npmjs.org/devlop/-/devlop-1.1.0.tgz. Extracting by manifest.
877 silly tarball no local data for destroy@https://registry.npmjs.org/destroy/-/destroy-1.2.0.tgz. Extracting by manifest.
878 silly tarball no local data for detect-gpu@https://registry.npmjs.org/detect-gpu/-/detect-gpu-5.0.70.tgz. Extracting by manifest.
879 silly tarball no local data for didyoumean@https://registry.npmjs.org/didyoumean/-/didyoumean-1.2.2.tgz. Extracting by manifest.
880 silly tarball no local data for destr@https://registry.npmjs.org/destr/-/destr-2.0.5.tgz. Extracting by manifest.
881 silly tarball no local data for depd@https://registry.npmjs.org/depd/-/depd-2.0.0.tgz. Extracting by manifest.
882 silly tarball no local data for dequal@https://registry.npmjs.org/dequal/-/dequal-2.0.3.tgz. Extracting by manifest.
883 silly tarball no local data for dom-helpers@https://registry.npmjs.org/dom-helpers/-/dom-helpers-5.2.1.tgz. Extracting by manifest.
884 silly tarball no local data for delaunator@https://registry.npmjs.org/delaunator/-/delaunator-5.1.0.tgz. Extracting by manifest.
885 silly tarball no local data for defu@https://registry.npmjs.org/defu/-/defu-6.1.7.tgz. Extracting by manifest.
886 silly tarball no local data for decode-named-character-reference@https://registry.npmjs.org/decode-named-character-reference/-/decode-named-character-reference-1.3.0.tgz. Extracting by manifest.
887 silly tarball no local data for decimal.js-light@https://registry.npmjs.org/decimal.js-light/-/decimal.js-light-2.5.1.tgz. Extracting by manifest.
888 silly tarball no local data for d3-zoom@https://registry.npmjs.org/d3-zoom/-/d3-zoom-3.0.0.tgz. Extracting by manifest.
889 silly tarball no local data for d3-transition@https://registry.npmjs.org/d3-transition/-/d3-transition-3.0.1.tgz. Extracting by manifest.
890 silly tarball no local data for debug@https://registry.npmjs.org/debug/-/debug-4.4.3.tgz. Extracting by manifest.
891 silly tarball no local data for d3-timer@https://registry.npmjs.org/d3-timer/-/d3-timer-3.0.1.tgz. Extracting by manifest.
892 silly tarball no local data for d3-time@https://registry.npmjs.org/d3-time/-/d3-time-3.1.0.tgz. Extracting by manifest.
893 silly tarball no local data for d3-time-format@https://registry.npmjs.org/d3-time-format/-/d3-time-format-4.1.0.tgz. Extracting by manifest.
894 silly tarball no local data for d3-shape@https://registry.npmjs.org/d3-shape/-/d3-shape-3.2.0.tgz. Extracting by manifest.
895 silly tarball no local data for d3-selection@https://registry.npmjs.org/d3-selection/-/d3-selection-3.0.0.tgz. Extracting by manifest.
896 silly tarball no local data for d3-scale-chromatic@https://registry.npmjs.org/d3-scale-chromatic/-/d3-scale-chromatic-3.1.0.tgz. Extracting by manifest.
897 silly tarball no local data for d3-random@https://registry.npmjs.org/d3-random/-/d3-random-3.0.1.tgz. Extracting by manifest.
898 silly tarball no local data for deepmerge-ts@https://registry.npmjs.org/deepmerge-ts/-/deepmerge-ts-7.1.5.tgz. Extracting by manifest.
899 silly tarball no local data for d3-polygon@https://registry.npmjs.org/d3-polygon/-/d3-polygon-3.0.1.tgz. Extracting by manifest.
900 silly tarball no local data for d3-interpolate@https://registry.npmjs.org/d3-interpolate/-/d3-interpolate-3.0.1.tgz. Extracting by manifest.
901 silly tarball no local data for d3-hierarchy@https://registry.npmjs.org/d3-hierarchy/-/d3-hierarchy-3.1.2.tgz. Extracting by manifest.
902 silly tarball no local data for d3-quadtree@https://registry.npmjs.org/d3-quadtree/-/d3-quadtree-3.0.1.tgz. Extracting by manifest.
903 silly tarball no local data for d3-geo@https://registry.npmjs.org/d3-geo/-/d3-geo-3.1.1.tgz. Extracting by manifest.
904 silly tarball no local data for d3-format@https://registry.npmjs.org/d3-format/-/d3-format-3.1.2.tgz. Extracting by manifest.
905 silly tarball no local data for d3-fetch@https://registry.npmjs.org/d3-fetch/-/d3-fetch-3.0.1.tgz. Extracting by manifest.
906 silly tarball no local data for d3-path@https://registry.npmjs.org/d3-path/-/d3-path-3.1.0.tgz. Extracting by manifest.
907 silly tarball no local data for d3-ease@https://registry.npmjs.org/d3-ease/-/d3-ease-3.0.1.tgz. Extracting by manifest.
908 silly tarball no local data for d3-dsv@https://registry.npmjs.org/d3-dsv/-/d3-dsv-3.0.1.tgz. Extracting by manifest.
909 silly tarball no local data for d3-scale@https://registry.npmjs.org/d3-scale/-/d3-scale-4.0.2.tgz. Extracting by manifest.
910 silly tarball no local data for d3-force@https://registry.npmjs.org/d3-force/-/d3-force-3.0.0.tgz. Extracting by manifest.
911 silly tarball no local data for d3-delaunay@https://registry.npmjs.org/d3-delaunay/-/d3-delaunay-6.0.4.tgz. Extracting by manifest.
912 silly tarball no local data for d3-drag@https://registry.npmjs.org/d3-drag/-/d3-drag-3.0.0.tgz. Extracting by manifest.
913 silly tarball no local data for d3-color@https://registry.npmjs.org/d3-color/-/d3-color-3.1.0.tgz. Extracting by manifest.
914 silly tarball no local data for d3-dispatch@https://registry.npmjs.org/d3-dispatch/-/d3-dispatch-3.0.1.tgz. Extracting by manifest.
915 silly tarball no local data for d3-brush@https://registry.npmjs.org/d3-brush/-/d3-brush-3.0.0.tgz. Extracting by manifest.
916 silly tarball no local data for d3-axis@https://registry.npmjs.org/d3-axis/-/d3-axis-3.0.0.tgz. Extracting by manifest.
917 silly tarball no local data for d3-array@https://registry.npmjs.org/d3-array/-/d3-array-3.2.4.tgz. Extracting by manifest.
918 silly tarball no local data for d3@https://registry.npmjs.org/d3/-/d3-7.9.0.tgz. Extracting by manifest.
919 silly tarball no local data for d3-chord@https://registry.npmjs.org/d3-chord/-/d3-chord-3.0.1.tgz. Extracting by manifest.
920 silly tarball no local data for csstype@https://registry.npmjs.org/csstype/-/csstype-3.2.3.tgz. Extracting by manifest.
921 silly tarball no local data for cssesc@https://registry.npmjs.org/cssesc/-/cssesc-3.0.0.tgz. Extracting by manifest.
922 silly tarball no local data for d3-contour@https://registry.npmjs.org/d3-contour/-/d3-contour-4.0.2.tgz. Extracting by manifest.
923 silly tarball no local data for cross-env@https://registry.npmjs.org/cross-env/-/cross-env-7.0.3.tgz. Extracting by manifest.
924 silly tarball no local data for cross-spawn@https://registry.npmjs.org/cross-spawn/-/cross-spawn-7.0.6.tgz. Extracting by manifest.
925 silly tarball no local data for cors@https://registry.npmjs.org/cors/-/cors-2.8.6.tgz. Extracting by manifest.
926 silly tarball no local data for create-require@https://registry.npmjs.org/create-require/-/create-require-1.1.1.tgz. Extracting by manifest.
927 silly tarball no local data for content-type@https://registry.npmjs.org/content-type/-/content-type-1.0.5.tgz. Extracting by manifest.
928 silly tarball no local data for cookie-signature@https://registry.npmjs.org/cookie-signature/-/cookie-signature-1.0.7.tgz. Extracting by manifest.
929 silly tarball no local data for content-disposition@https://registry.npmjs.org/content-disposition/-/content-disposition-0.5.4.tgz. Extracting by manifest.
930 silly tarball no local data for convert-source-map@https://registry.npmjs.org/convert-source-map/-/convert-source-map-2.0.0.tgz. Extracting by manifest.
931 silly tarball no local data for concurrently@https://registry.npmjs.org/concurrently/-/concurrently-9.2.4.tgz. Extracting by manifest.
932 silly tarball no local data for cookie@https://registry.npmjs.org/cookie/-/cookie-0.7.2.tgz. Extracting by manifest.
933 silly tarball no local data for consola@https://registry.npmjs.org/consola/-/consola-3.4.2.tgz. Extracting by manifest.
934 silly tarball no local data for comma-separated-tokens@https://registry.npmjs.org/comma-separated-tokens/-/comma-separated-tokens-2.0.3.tgz. Extracting by manifest.
935 silly tarball no local data for color-convert@https://registry.npmjs.org/color-convert/-/color-convert-2.0.1.tgz. Extracting by manifest.
936 silly tarball no local data for color-name@https://registry.npmjs.org/color-name/-/color-name-1.1.4.tgz. Extracting by manifest.
937 silly tarball no local data for cliui@https://registry.npmjs.org/cliui/-/cliui-8.0.1.tgz. Extracting by manifest.
938 silly tarball no local data for clsx@https://registry.npmjs.org/clsx/-/clsx-2.1.1.tgz. Extracting by manifest.
939 silly tarball no local data for citty@https://registry.npmjs.org/citty/-/citty-0.1.6.tgz. Extracting by manifest.
940 silly tarball no local data for confbox@https://registry.npmjs.org/confbox/-/confbox-0.2.4.tgz. Extracting by manifest.
941 silly tarball no local data for chokidar@https://registry.npmjs.org/chokidar/-/chokidar-4.0.3.tgz. Extracting by manifest.
942 silly tarball no local data for character-reference-invalid@https://registry.npmjs.org/character-reference-invalid/-/character-reference-invalid-2.0.1.tgz. Extracting by manifest.
943 silly tarball no local data for character-entities-legacy@https://registry.npmjs.org/character-entities-legacy/-/character-entities-legacy-3.0.0.tgz. Extracting by manifest.
944 silly tarball no local data for character-entities-html4@https://registry.npmjs.org/character-entities-html4/-/character-entities-html4-2.1.0.tgz. Extracting by manifest.
945 silly tarball no local data for commander@https://registry.npmjs.org/commander/-/commander-7.2.0.tgz. Extracting by manifest.
946 silly tarball no local data for character-entities@https://registry.npmjs.org/character-entities/-/character-entities-2.0.2.tgz. Extracting by manifest.
947 silly tarball no local data for caniuse-lite@https://registry.npmjs.org/caniuse-lite/-/caniuse-lite-1.0.30001806.tgz. Extracting by manifest.
948 silly tarball no local data for ccount@https://registry.npmjs.org/ccount/-/ccount-2.0.1.tgz. Extracting by manifest.
949 silly tarball no local data for chalk@https://registry.npmjs.org/chalk/-/chalk-4.1.2.tgz. Extracting by manifest.
950 silly tarball no local data for call-bind-apply-helpers@https://registry.npmjs.org/call-bind-apply-helpers/-/call-bind-apply-helpers-1.0.2.tgz. Extracting by manifest.
951 silly tarball no local data for camelcase-css@https://registry.npmjs.org/camelcase-css/-/camelcase-css-2.0.1.tgz. Extracting by manifest.
952 silly tarball no local data for bytes@https://registry.npmjs.org/bytes/-/bytes-3.1.2.tgz. Extracting by manifest.
953 silly tarball no local data for camera-controls@https://registry.npmjs.org/camera-controls/-/camera-controls-3.1.2.tgz. Extracting by manifest.
954 silly tarball no local data for c12@https://registry.npmjs.org/c12/-/c12-3.1.0.tgz. Extracting by manifest.
955 silly tarball no local data for buffer@https://registry.npmjs.org/buffer/-/buffer-6.0.3.tgz. Extracting by manifest.
956 silly tarball no local data for browserslist@https://registry.npmjs.org/browserslist/-/browserslist-4.28.6.tgz. Extracting by manifest.
957 silly tarball no local data for body-parser@https://registry.npmjs.org/body-parser/-/body-parser-1.20.6.tgz. Extracting by manifest.
958 silly tarball no local data for buffer-equal-constant-time@https://registry.npmjs.org/buffer-equal-constant-time/-/buffer-equal-constant-time-1.0.1.tgz. Extracting by manifest.
959 silly tarball no local data for call-bound@https://registry.npmjs.org/call-bound/-/call-bound-1.0.4.tgz. Extracting by manifest.
960 silly tarball no local data for bidi-js@https://registry.npmjs.org/bidi-js/-/bidi-js-1.0.3.tgz. Extracting by manifest.
961 silly tarball no local data for braces@https://registry.npmjs.org/braces/-/braces-3.0.3.tgz. Extracting by manifest.
962 silly tarball no local data for baseline-browser-mapping@https://registry.npmjs.org/baseline-browser-mapping/-/baseline-browser-mapping-2.10.43.tgz. Extracting by manifest.
963 silly tarball no local data for bcryptjs@https://registry.npmjs.org/bcryptjs/-/bcryptjs-3.0.3.tgz. Extracting by manifest.
964 silly tarball no local data for base64-js@https://registry.npmjs.org/base64-js/-/base64-js-1.5.1.tgz. Extracting by manifest.
965 silly tarball no local data for bail@https://registry.npmjs.org/bail/-/bail-2.0.2.tgz. Extracting by manifest.
966 silly tarball no local data for array-flatten@https://registry.npmjs.org/array-flatten/-/array-flatten-1.1.1.tgz. Extracting by manifest.
967 silly tarball no local data for arg@https://registry.npmjs.org/arg/-/arg-5.0.2.tgz. Extracting by manifest.
968 silly tarball no local data for binary-extensions@https://registry.npmjs.org/binary-extensions/-/binary-extensions-2.3.0.tgz. Extracting by manifest.
969 silly tarball no local data for anymatch@https://registry.npmjs.org/anymatch/-/anymatch-3.1.3.tgz. Extracting by manifest.
970 silly tarball no local data for acorn-walk@https://registry.npmjs.org/acorn-walk/-/acorn-walk-8.3.5.tgz. Extracting by manifest.
971 silly tarball no local data for autoprefixer@https://registry.npmjs.org/autoprefixer/-/autoprefixer-10.5.4.tgz. Extracting by manifest.
972 silly tarball no local data for ansi-regex@https://registry.npmjs.org/ansi-regex/-/ansi-regex-5.0.1.tgz. Extracting by manifest.
973 silly tarball no local data for ansi-styles@https://registry.npmjs.org/ansi-styles/-/ansi-styles-4.3.0.tgz. Extracting by manifest.
974 silly tarball no local data for accepts@https://registry.npmjs.org/accepts/-/accepts-1.3.8.tgz. Extracting by manifest.
975 silly tarball no local data for @vitejs/plugin-react@https://registry.npmjs.org/@vitejs/plugin-react/-/plugin-react-4.7.0.tgz. Extracting by manifest.
976 silly tarball no local data for any-promise@https://registry.npmjs.org/any-promise/-/any-promise-1.3.0.tgz. Extracting by manifest.
977 silly tarball no local data for acorn@https://registry.npmjs.org/acorn/-/acorn-8.17.0.tgz. Extracting by manifest.
978 silly tarball no local data for @use-gesture/react@https://registry.npmjs.org/@use-gesture/react/-/react-10.3.1.tgz. Extracting by manifest.
979 silly tarball no local data for @use-gesture/core@https://registry.npmjs.org/@use-gesture/core/-/core-10.3.1.tgz. Extracting by manifest.
980 silly tarball no local data for @types/unist@https://registry.npmjs.org/@types/unist/-/unist-3.0.3.tgz. Extracting by manifest.
981 silly tarball no local data for @webgpu/types@https://registry.npmjs.org/@webgpu/types/-/types-0.1.71.tgz. Extracting by manifest.
982 silly tarball no local data for @types/webxr@https://registry.npmjs.org/@types/webxr/-/webxr-0.5.24.tgz. Extracting by manifest.
983 silly tarball no local data for @types/three@https://registry.npmjs.org/@types/three/-/three-0.171.0.tgz. Extracting by manifest.
984 silly tarball no local data for @types/send@https://registry.npmjs.org/@types/send/-/send-1.2.1.tgz. Extracting by manifest.
985 silly tarball no local data for @ungap/structured-clone@https://registry.npmjs.org/@ungap/structured-clone/-/structured-clone-1.3.3.tgz. Extracting by manifest.
986 silly tarball no local data for @types/serve-static@https://registry.npmjs.org/@types/serve-static/-/serve-static-2.2.0.tgz. Extracting by manifest.
987 silly tarball no local data for @types/stats.js@https://registry.npmjs.org/@types/stats.js/-/stats.js-0.17.4.tgz. Extracting by manifest.
988 silly tarball no local data for @types/react-dom@https://registry.npmjs.org/@types/react-dom/-/react-dom-19.2.3.tgz. Extracting by manifest.
989 silly tarball no local data for @types/react@https://registry.npmjs.org/@types/react/-/react-19.2.17.tgz. Extracting by manifest.
990 silly tarball no local data for @types/react-reconciler@https://registry.npmjs.org/@types/react-reconciler/-/react-reconciler-0.28.9.tgz. Extracting by manifest.
991 silly tarball no local data for @types/qs@https://registry.npmjs.org/@types/qs/-/qs-6.15.1.tgz. Extracting by manifest.
992 silly tarball no local data for @types/node@https://registry.npmjs.org/@types/node/-/node-22.20.1.tgz. Extracting by manifest.
993 silly tarball no local data for @types/ms@https://registry.npmjs.org/@types/ms/-/ms-2.1.0.tgz. Extracting by manifest.
994 silly tarball no local data for @types/mdast@https://registry.npmjs.org/@types/mdast/-/mdast-4.0.4.tgz. Extracting by manifest.
995 silly tarball no local data for @types/jsonwebtoken@https://registry.npmjs.org/@types/jsonwebtoken/-/jsonwebtoken-9.0.10.tgz. Extracting by manifest.
996 silly tarball no local data for @types/offscreencanvas@https://registry.npmjs.org/@types/offscreencanvas/-/offscreencanvas-2019.7.3.tgz. Extracting by manifest.
997 silly tarball no local data for @types/http-errors@https://registry.npmjs.org/@types/http-errors/-/http-errors-2.0.5.tgz. Extracting by manifest.
998 silly tarball no local data for @types/range-parser@https://registry.npmjs.org/@types/range-parser/-/range-parser-1.2.7.tgz. Extracting by manifest.
999 silly tarball no local data for @types/hast@https://registry.npmjs.org/@types/hast/-/hast-3.0.5.tgz. Extracting by manifest.
1000 silly tarball no local data for @types/express-serve-static-core@https://registry.npmjs.org/@types/express-serve-static-core/-/express-serve-static-core-5.1.2.tgz. Extracting by manifest.
1001 silly tarball no local data for @types/geojson@https://registry.npmjs.org/@types/geojson/-/geojson-7946.0.16.tgz. Extracting by manifest.
1002 silly tarball no local data for @types/draco3d@https://registry.npmjs.org/@types/draco3d/-/draco3d-1.4.10.tgz. Extracting by manifest.
1003 silly tarball no local data for @types/estree-jsx@https://registry.npmjs.org/@types/estree-jsx/-/estree-jsx-1.0.5.tgz. Extracting by manifest.
1004 silly tarball no local data for @types/debug@https://registry.npmjs.org/@types/debug/-/debug-4.1.13.tgz. Extracting by manifest.
1005 silly tarball no local data for @types/d3-zoom@https://registry.npmjs.org/@types/d3-zoom/-/d3-zoom-3.0.8.tgz. Extracting by manifest.
1006 silly tarball no local data for @types/d3-timer@https://registry.npmjs.org/@types/d3-timer/-/d3-timer-3.0.2.tgz. Extracting by manifest.
1007 silly tarball no local data for @types/express@https://registry.npmjs.org/@types/express/-/express-5.0.6.tgz. Extracting by manifest.
1008 silly tarball no local data for @types/d3-transition@https://registry.npmjs.org/@types/d3-transition/-/d3-transition-3.0.9.tgz. Extracting by manifest.
1009 silly tarball no local data for @types/estree@https://registry.npmjs.org/@types/estree/-/estree-1.0.9.tgz. Extracting by manifest.
1010 silly tarball no local data for @types/d3-time@https://registry.npmjs.org/@types/d3-time/-/d3-time-3.0.4.tgz. Extracting by manifest.
1011 silly tarball no local data for @types/d3-selection@https://registry.npmjs.org/@types/d3-selection/-/d3-selection-3.0.11.tgz. Extracting by manifest.
1012 silly tarball no local data for @types/d3-shape@https://registry.npmjs.org/@types/d3-shape/-/d3-shape-3.1.8.tgz. Extracting by manifest.
1013 silly tarball no local data for @types/d3-scale-chromatic@https://registry.npmjs.org/@types/d3-scale-chromatic/-/d3-scale-chromatic-3.1.0.tgz. Extracting by manifest.
1014 silly tarball no local data for @types/d3-random@https://registry.npmjs.org/@types/d3-random/-/d3-random-3.0.4.tgz. Extracting by manifest.
1015 silly tarball no local data for @types/d3-time-format@https://registry.npmjs.org/@types/d3-time-format/-/d3-time-format-4.0.3.tgz. Extracting by manifest.
1016 silly tarball no local data for @types/d3-scale@https://registry.npmjs.org/@types/d3-scale/-/d3-scale-4.0.9.tgz. Extracting by manifest.
1017 silly tarball no local data for @types/d3-quadtree@https://registry.npmjs.org/@types/d3-quadtree/-/d3-quadtree-3.0.6.tgz. Extracting by manifest.
1018 silly tarball no local data for @types/d3-polygon@https://registry.npmjs.org/@types/d3-polygon/-/d3-polygon-3.0.2.tgz. Extracting by manifest.
1019 silly tarball no local data for @types/d3-hierarchy@https://registry.npmjs.org/@types/d3-hierarchy/-/d3-hierarchy-3.1.7.tgz. Extracting by manifest.
1020 silly tarball no local data for @types/d3-format@https://registry.npmjs.org/@types/d3-format/-/d3-format-3.0.4.tgz. Extracting by manifest.
1021 silly tarball no local data for @types/d3-interpolate@https://registry.npmjs.org/@types/d3-interpolate/-/d3-interpolate-3.0.4.tgz. Extracting by manifest.
1022 silly tarball no local data for @types/d3-force@https://registry.npmjs.org/@types/d3-force/-/d3-force-3.0.10.tgz. Extracting by manifest.
1023 silly tarball no local data for @types/d3-path@https://registry.npmjs.org/@types/d3-path/-/d3-path-3.1.1.tgz. Extracting by manifest.
1024 silly tarball no local data for @types/d3-ease@https://registry.npmjs.org/@types/d3-ease/-/d3-ease-3.0.2.tgz. Extracting by manifest.
1025 silly tarball no local data for @types/d3-geo@https://registry.npmjs.org/@types/d3-geo/-/d3-geo-3.1.0.tgz. Extracting by manifest.
1026 silly tarball no local data for @types/d3-dsv@https://registry.npmjs.org/@types/d3-dsv/-/d3-dsv-3.0.7.tgz. Extracting by manifest.
1027 silly tarball no local data for @types/d3-drag@https://registry.npmjs.org/@types/d3-drag/-/d3-drag-3.0.7.tgz. Extracting by manifest.
1028 silly tarball no local data for @types/d3-contour@https://registry.npmjs.org/@types/d3-contour/-/d3-contour-3.0.6.tgz. Extracting by manifest.
1029 silly tarball no local data for @types/d3-delaunay@https://registry.npmjs.org/@types/d3-delaunay/-/d3-delaunay-6.0.4.tgz. Extracting by manifest.
1030 silly tarball no local data for @types/d3-color@https://registry.npmjs.org/@types/d3-color/-/d3-color-3.1.3.tgz. Extracting by manifest.
1031 silly tarball no local data for @types/d3-fetch@https://registry.npmjs.org/@types/d3-fetch/-/d3-fetch-3.0.7.tgz. Extracting by manifest.
1032 silly tarball no local data for @types/d3-dispatch@https://registry.npmjs.org/@types/d3-dispatch/-/d3-dispatch-3.0.7.tgz. Extracting by manifest.
1033 silly tarball no local data for @types/d3-brush@https://registry.npmjs.org/@types/d3-brush/-/d3-brush-3.0.6.tgz. Extracting by manifest.
1034 silly tarball no local data for @types/d3-array@https://registry.npmjs.org/@types/d3-array/-/d3-array-3.2.2.tgz. Extracting by manifest.
1035 silly tarball no local data for @types/cors@https://registry.npmjs.org/@types/cors/-/cors-2.8.19.tgz. Extracting by manifest.
1036 silly tarball no local data for @types/connect@https://registry.npmjs.org/@types/connect/-/connect-3.4.38.tgz. Extracting by manifest.
1037 silly tarball no local data for @types/d3-chord@https://registry.npmjs.org/@types/d3-chord/-/d3-chord-3.0.6.tgz. Extracting by manifest.
1038 silly tarball no local data for @types/body-parser@https://registry.npmjs.org/@types/body-parser/-/body-parser-1.19.6.tgz. Extracting by manifest.
1039 silly tarball no local data for @types/d3-axis@https://registry.npmjs.org/@types/d3-axis/-/d3-axis-3.0.6.tgz. Extracting by manifest.
1040 silly tarball no local data for @types/bcryptjs@https://registry.npmjs.org/@types/bcryptjs/-/bcryptjs-2.4.6.tgz. Extracting by manifest.
1041 silly tarball no local data for @types/d3@https://registry.npmjs.org/@types/d3/-/d3-7.4.3.tgz. Extracting by manifest.
1042 silly tarball no local data for @types/babel__traverse@https://registry.npmjs.org/@types/babel__traverse/-/babel__traverse-7.28.0.tgz. Extracting by manifest.
1043 silly tarball no local data for @tweenjs/tween.js@https://registry.npmjs.org/@tweenjs/tween.js/-/tween.js-23.1.3.tgz. Extracting by manifest.
1044 silly tarball no local data for @types/babel__generator@https://registry.npmjs.org/@types/babel__generator/-/babel__generator-7.27.0.tgz. Extracting by manifest.
1045 silly tarball no local data for @tsconfig/node14@https://registry.npmjs.org/@tsconfig/node14/-/node14-1.0.3.tgz. Extracting by manifest.
1046 silly tarball no local data for @tsconfig/node16@https://registry.npmjs.org/@tsconfig/node16/-/node16-1.0.4.tgz. Extracting by manifest.
1047 silly tarball no local data for @tsconfig/node12@https://registry.npmjs.org/@tsconfig/node12/-/node12-1.0.11.tgz. Extracting by manifest.
1048 silly tarball no local data for @types/babel__core@https://registry.npmjs.org/@types/babel__core/-/babel__core-7.20.5.tgz. Extracting by manifest.
1049 silly tarball no local data for @types/babel__template@https://registry.npmjs.org/@types/babel__template/-/babel__template-7.4.4.tgz. Extracting by manifest.
1050 silly tarball no local data for @tanstack/react-query@https://registry.npmjs.org/@tanstack/react-query/-/react-query-5.101.2.tgz. Extracting by manifest.
1051 silly tarball no local data for @tailwindcss/typography@https://registry.npmjs.org/@tailwindcss/typography/-/typography-0.5.20.tgz. Extracting by manifest.
1052 silly tarball no local data for @rollup/rollup-darwin-arm64@https://registry.npmjs.org/@rollup/rollup-darwin-arm64/-/rollup-darwin-arm64-4.62.2.tgz. Extracting by manifest.
1053 silly tarball no local data for @tsconfig/node10@https://registry.npmjs.org/@tsconfig/node10/-/node10-1.0.12.tgz. Extracting by manifest.
1054 silly tarball no local data for @rolldown/pluginutils@https://registry.npmjs.org/@rolldown/pluginutils/-/pluginutils-1.0.0-beta.27.tgz. Extracting by manifest.
1055 silly tarball no local data for @tanstack/query-core@https://registry.npmjs.org/@tanstack/query-core/-/query-core-5.101.2.tgz. Extracting by manifest.
1056 silly tarball no local data for @react-three/postprocessing@https://registry.npmjs.org/@react-three/postprocessing/-/postprocessing-3.0.4.tgz. Extracting by manifest.
1057 silly tarball no local data for @react-three/fiber@https://registry.npmjs.org/@react-three/fiber/-/fiber-9.6.1.tgz. Extracting by manifest.
1058 silly tarball no local data for @prisma/engines-version@https://registry.npmjs.org/@prisma/engines-version/-/engines-version-7.1.1-3.c2990dca591cba766e3b7ef5d9e8a84796e47ab7.tgz. Extracting by manifest.
1059 silly tarball no local data for @react-three/drei@https://registry.npmjs.org/@react-three/drei/-/drei-10.7.7.tgz. Extracting by manifest.
1060 silly tarball no local data for @standard-schema/spec@https://registry.npmjs.org/@standard-schema/spec/-/spec-1.1.0.tgz. Extracting by manifest.
1061 silly tarball no local data for @prisma/fetch-engine@https://registry.npmjs.org/@prisma/fetch-engine/-/fetch-engine-6.19.3.tgz. Extracting by manifest.
1062 silly tarball no local data for @prisma/get-platform@https://registry.npmjs.org/@prisma/get-platform/-/get-platform-6.19.3.tgz. Extracting by manifest.
1063 silly tarball no local data for @prisma/debug@https://registry.npmjs.org/@prisma/debug/-/debug-6.19.3.tgz. Extracting by manifest.
1064 silly tarball no local data for @prisma/engines@https://registry.npmjs.org/@prisma/engines/-/engines-6.19.3.tgz. Extracting by manifest.
1065 silly tarball no local data for @prisma/client@https://registry.npmjs.org/@prisma/client/-/client-6.19.3.tgz. Extracting by manifest.
1066 silly tarball no local data for @nodelib/fs.walk@https://registry.npmjs.org/@nodelib/fs.walk/-/fs.walk-1.2.8.tgz. Extracting by manifest.
1067 silly tarball no local data for @prisma/config@https://registry.npmjs.org/@prisma/config/-/config-6.19.3.tgz. Extracting by manifest.
1068 silly tarball no local data for @nodelib/fs.stat@https://registry.npmjs.org/@nodelib/fs.stat/-/fs.stat-2.0.5.tgz. Extracting by manifest.
1069 silly tarball no local data for @nodelib/fs.scandir@https://registry.npmjs.org/@nodelib/fs.scandir/-/fs.scandir-2.1.5.tgz. Extracting by manifest.
1070 silly tarball no local data for @jridgewell/sourcemap-codec@https://registry.npmjs.org/@jridgewell/sourcemap-codec/-/sourcemap-codec-1.5.5.tgz. Extracting by manifest.
1071 silly tarball no local data for @mediapipe/tasks-vision@https://registry.npmjs.org/@mediapipe/tasks-vision/-/tasks-vision-0.10.17.tgz. Extracting by manifest.
1072 silly tarball no local data for @jridgewell/trace-mapping@https://registry.npmjs.org/@jridgewell/trace-mapping/-/trace-mapping-0.3.31.tgz. Extracting by manifest.
1073 silly tarball no local data for @jridgewell/resolve-uri@https://registry.npmjs.org/@jridgewell/resolve-uri/-/resolve-uri-3.1.2.tgz. Extracting by manifest.
1074 silly tarball no local data for @monogrid/gainmap-js@https://registry.npmjs.org/@monogrid/gainmap-js/-/gainmap-js-3.4.0.tgz. Extracting by manifest.
1075 silly tarball no local data for @hookform/resolvers@https://registry.npmjs.org/@hookform/resolvers/-/resolvers-3.10.0.tgz. Extracting by manifest.
1076 silly tarball no local data for @google/generative-ai@https://registry.npmjs.org/@google/generative-ai/-/generative-ai-0.24.1.tgz. Extracting by manifest.
1077 silly tarball no local data for @jridgewell/remapping@https://registry.npmjs.org/@jridgewell/remapping/-/remapping-2.3.5.tgz. Extracting by manifest.
1078 silly tarball no local data for @babel/traverse@https://registry.npmjs.org/@babel/traverse/-/traverse-7.29.7.tgz. Extracting by manifest.
1079 silly tarball no local data for @cspotcode/source-map-support@https://registry.npmjs.org/@cspotcode/source-map-support/-/source-map-support-0.8.1.tgz. Extracting by manifest.
1080 silly tarball no local data for @esbuild/darwin-arm64@https://registry.npmjs.org/@esbuild/darwin-arm64/-/darwin-arm64-0.28.1.tgz. Extracting by manifest.
1081 silly tarball no local data for @jridgewell/gen-mapping@https://registry.npmjs.org/@jridgewell/gen-mapping/-/gen-mapping-0.3.13.tgz. Extracting by manifest.
1082 silly tarball no local data for @babel/template@https://registry.npmjs.org/@babel/template/-/template-7.29.7.tgz. Extracting by manifest.
1083 silly tarball no local data for @babel/types@https://registry.npmjs.org/@babel/types/-/types-7.29.7.tgz. Extracting by manifest.
1084 silly tarball no local data for @babel/runtime@https://registry.npmjs.org/@babel/runtime/-/runtime-7.29.7.tgz. Extracting by manifest.
1085 silly tarball no local data for @babel/parser@https://registry.npmjs.org/@babel/parser/-/parser-7.29.7.tgz. Extracting by manifest.
1086 silly tarball no local data for @babel/helpers@https://registry.npmjs.org/@babel/helpers/-/helpers-7.29.7.tgz. Extracting by manifest.
1087 silly tarball no local data for @babel/plugin-transform-react-jsx-self@https://registry.npmjs.org/@babel/plugin-transform-react-jsx-self/-/plugin-transform-react-jsx-self-7.29.7.tgz. Extracting by manifest.
1088 silly tarball no local data for @babel/helper-validator-identifier@https://registry.npmjs.org/@babel/helper-validator-identifier/-/helper-validator-identifier-7.29.7.tgz. Extracting by manifest.
1089 silly tarball no local data for @babel/helper-validator-option@https://registry.npmjs.org/@babel/helper-validator-option/-/helper-validator-option-7.29.7.tgz. Extracting by manifest.
1090 silly tarball no local data for @babel/plugin-transform-react-jsx-source@https://registry.npmjs.org/@babel/plugin-transform-react-jsx-source/-/plugin-transform-react-jsx-source-7.29.7.tgz. Extracting by manifest.
1091 silly tarball no local data for @babel/helper-module-imports@https://registry.npmjs.org/@babel/helper-module-imports/-/helper-module-imports-7.29.7.tgz. Extracting by manifest.
1092 silly tarball no local data for @babel/helper-plugin-utils@https://registry.npmjs.org/@babel/helper-plugin-utils/-/helper-plugin-utils-7.29.7.tgz. Extracting by manifest.
1093 silly tarball no local data for @babel/helper-string-parser@https://registry.npmjs.org/@babel/helper-string-parser/-/helper-string-parser-7.29.7.tgz. Extracting by manifest.
1094 silly tarball no local data for @babel/helper-globals@https://registry.npmjs.org/@babel/helper-globals/-/helper-globals-7.29.7.tgz. Extracting by manifest.
1095 silly tarball no local data for @babel/generator@https://registry.npmjs.org/@babel/generator/-/generator-7.29.7.tgz. Extracting by manifest.
1096 silly tarball no local data for @babel/helper-compilation-targets@https://registry.npmjs.org/@babel/helper-compilation-targets/-/helper-compilation-targets-7.29.7.tgz. Extracting by manifest.
1097 silly tarball no local data for @babel/helper-module-transforms@https://registry.npmjs.org/@babel/helper-module-transforms/-/helper-module-transforms-7.29.7.tgz. Extracting by manifest.
1098 silly tarball no local data for @babel/core@https://registry.npmjs.org/@babel/core/-/core-7.29.7.tgz. Extracting by manifest.
1099 silly tarball no local data for @babel/compat-data@https://registry.npmjs.org/@babel/compat-data/-/compat-data-7.29.7.tgz. Extracting by manifest.
1100 silly tarball no local data for esbuild@https://registry.npmjs.org/esbuild/-/esbuild-0.25.12.tgz. Extracting by manifest.
1101 silly tarball no local data for @esbuild/darwin-arm64@https://registry.npmjs.org/@esbuild/darwin-arm64/-/darwin-arm64-0.25.12.tgz. Extracting by manifest.
1102 silly tarball no local data for @babel/code-frame@https://registry.npmjs.org/@babel/code-frame/-/code-frame-7.29.7.tgz. Extracting by manifest.
1103 silly tarball no local data for zustand@https://registry.npmjs.org/zustand/-/zustand-4.5.7.tgz. Extracting by manifest.
1104 silly tarball no local data for @alloc/quick-lru@https://registry.npmjs.org/@alloc/quick-lru/-/quick-lru-5.2.0.tgz. Extracting by manifest.
1105 silly tarball no local data for fflate@https://registry.npmjs.org/fflate/-/fflate-0.6.10.tgz. Extracting by manifest.
1106 silly tarball no local data for jiti@https://registry.npmjs.org/jiti/-/jiti-1.21.7.tgz. Extracting by manifest.
1107 silly tarball no local data for chokidar@https://registry.npmjs.org/chokidar/-/chokidar-3.6.0.tgz. Extracting by manifest.
1108 silly tarball no local data for arg@https://registry.npmjs.org/arg/-/arg-4.1.3.tgz. Extracting by manifest.
1109 silly tarball no local data for glob-parent@https://registry.npmjs.org/glob-parent/-/glob-parent-5.1.2.tgz. Extracting by manifest.
1110 silly tarball no local data for readdirp@https://registry.npmjs.org/readdirp/-/readdirp-3.6.0.tgz. Extracting by manifest.
1111 silly tarball no local data for commander@https://registry.npmjs.org/commander/-/commander-4.1.1.tgz. Extracting by manifest.
1112 silly tarball no local data for picomatch@https://registry.npmjs.org/picomatch/-/picomatch-2.3.2.tgz. Extracting by manifest.
1113 silly tarball no local data for debug@https://registry.npmjs.org/debug/-/debug-2.6.9.tgz. Extracting by manifest.
1114 silly tarball no local data for cookie@https://registry.npmjs.org/cookie/-/cookie-1.1.1.tgz. Extracting by manifest.
1115 silly tarball no local data for iconv-lite@https://registry.npmjs.org/iconv-lite/-/iconv-lite-0.4.24.tgz. Extracting by manifest.
1116 silly tarball no local data for three@https://registry.npmjs.org/three/-/three-0.170.0.tgz. Extracting by manifest.
1117 silly tarball no local data for @types/unist@https://registry.npmjs.org/@types/unist/-/unist-2.0.11.tgz. Extracting by manifest.
1118 silly tarball no local data for citty@https://registry.npmjs.org/citty/-/citty-0.2.2.tgz. Extracting by manifest.
1119 silly tarball no local data for react-is@https://registry.npmjs.org/react-is/-/react-is-18.3.1.tgz. Extracting by manifest.
1120 silly tarball no local data for picomatch@https://registry.npmjs.org/picomatch/-/picomatch-2.3.2.tgz. Extracting by manifest.
1121 silly tarball no local data for ms@https://registry.npmjs.org/ms/-/ms-2.0.0.tgz. Extracting by manifest.
1122 silly tarball no local data for semver@https://registry.npmjs.org/semver/-/semver-7.8.5.tgz. Extracting by manifest.
1123 silly tarball no local data for debug@https://registry.npmjs.org/debug/-/debug-2.6.9.tgz. Extracting by manifest.
1124 silly tarball no local data for glob-parent@https://registry.npmjs.org/glob-parent/-/glob-parent-5.1.2.tgz. Extracting by manifest.
1125 silly tarball no local data for supports-color@https://registry.npmjs.org/supports-color/-/supports-color-7.2.0.tgz. Extracting by manifest.
1126 silly tarball no local data for ms@https://registry.npmjs.org/ms/-/ms-2.0.0.tgz. Extracting by manifest.
1127 silly tarball no local data for iconv-lite@https://registry.npmjs.org/iconv-lite/-/iconv-lite-0.4.24.tgz. Extracting by manifest.
1128 silly tarball no local data for ms@https://registry.npmjs.org/ms/-/ms-2.0.0.tgz. Extracting by manifest.
1129 silly tarball no local data for debug@https://registry.npmjs.org/debug/-/debug-2.6.9.tgz. Extracting by manifest.
1130 silly tarball no local data for debug@https://registry.npmjs.org/debug/-/debug-2.6.9.tgz. Extracting by manifest.
1131 silly tarball no local data for picomatch@https://registry.npmjs.org/picomatch/-/picomatch-2.3.2.tgz. Extracting by manifest.
1132 silly tarball no local data for ms@https://registry.npmjs.org/ms/-/ms-2.0.0.tgz. Extracting by manifest.
1133 silly tarball no local data for postcss-selector-parser@https://registry.npmjs.org/postcss-selector-parser/-/postcss-selector-parser-6.0.10.tgz. Extracting by manifest.
1134 silly tarball no local data for @jridgewell/trace-mapping@https://registry.npmjs.org/@jridgewell/trace-mapping/-/trace-mapping-0.3.9.tgz. Extracting by manifest.
1135 silly tarball no local data for maath@https://registry.npmjs.org/maath/-/maath-0.6.0.tgz. Extracting by manifest.
1136 http fetch GET 200 https://registry.npmjs.org/webgl-sdf-generator/-/webgl-sdf-generator-1.1.1.tgz 218ms (cache miss)
1137 http fetch GET 200 https://registry.npmjs.org/wrap-ansi/-/wrap-ansi-7.0.0.tgz 227ms (cache miss)
1138 http fetch GET 200 https://registry.npmjs.org/yn/-/yn-3.1.1.tgz 233ms (cache miss)
1139 http fetch GET 200 https://registry.npmjs.org/y18n/-/y18n-5.0.8.tgz 232ms (cache miss)
1140 http fetch GET 200 https://registry.npmjs.org/yallist/-/yallist-3.1.1.tgz 240ms (cache miss)
1141 http fetch GET 200 https://registry.npmjs.org/vfile-message/-/vfile-message-4.0.3.tgz 240ms (cache miss)
1142 http fetch GET 200 https://registry.npmjs.org/which/-/which-2.0.2.tgz 248ms (cache miss)
1143 http fetch GET 200 https://registry.npmjs.org/zustand/-/zustand-5.0.14.tgz 264ms (cache miss)
1144 http fetch GET 200 https://registry.npmjs.org/webgl-constants/-/webgl-constants-1.1.1.tgz 263ms (cache miss)
1145 http fetch GET 200 https://registry.npmjs.org/npm 399ms
1146 http fetch GET 200 https://registry.npmjs.org/v8-compile-cache-lib/-/v8-compile-cache-lib-3.0.1.tgz 282ms (cache miss)
1147 http fetch GET 200 https://registry.npmjs.org/vary/-/vary-1.1.2.tgz 282ms (cache miss)
1148 http fetch GET 200 https://registry.npmjs.org/zwitch/-/zwitch-2.0.4.tgz 294ms (cache miss)
1149 http fetch GET 200 https://registry.npmjs.org/use-sync-external-store/-/use-sync-external-store-1.6.0.tgz 295ms (cache miss)
1150 http fetch GET 200 https://registry.npmjs.org/yargs/-/yargs-17.7.2.tgz 299ms (cache miss)
1151 http fetch GET 200 https://registry.npmjs.org/update-browserslist-db/-/update-browserslist-db-1.2.3.tgz 301ms (cache miss)
1152 http fetch GET 200 https://registry.npmjs.org/unpipe/-/unpipe-1.0.0.tgz 310ms (cache miss)
1153 http fetch GET 200 https://registry.npmjs.org/utils-merge/-/utils-merge-1.0.1.tgz 339ms (cache miss)
1154 http fetch GET 200 https://registry.npmjs.org/unist-util-position/-/unist-util-position-5.0.0.tgz 341ms (cache miss)
1155 http fetch GET 200 https://registry.npmjs.org/type-is/-/type-is-1.6.18.tgz 475ms (cache miss)
1156 http fetch GET 200 https://registry.npmjs.org/unist-util-visit-parents/-/unist-util-visit-parents-6.0.2.tgz 476ms (cache miss)
1157 http fetch GET 200 https://registry.npmjs.org/unist-util-is/-/unist-util-is-6.0.1.tgz 501ms (cache miss)
1158 http fetch GET 200 https://registry.npmjs.org/unist-util-visit/-/unist-util-visit-5.1.0.tgz 512ms (cache miss)
1159 http fetch GET 200 https://registry.npmjs.org/victory-vendor/-/victory-vendor-36.9.2.tgz 521ms (cache miss)
1160 http fetch POST 200 https://registry.npmjs.org/-/npm/v1/security/advisories/bulk 744ms
1161 silly audit report {}
1162 http fetch GET 200 https://registry.npmjs.org/tsx/-/tsx-4.23.1.tgz 738ms (cache miss)
1163 http fetch GET 200 https://registry.npmjs.org/vfile/-/vfile-6.0.3.tgz 742ms (cache miss)
1164 http fetch GET 200 https://registry.npmjs.org/zod/-/zod-3.25.76.tgz 750ms (cache miss)
1165 http fetch GET 200 https://registry.npmjs.org/ts-interface-checker/-/ts-interface-checker-0.1.13.tgz 750ms (cache miss)
1166 http fetch GET 200 https://registry.npmjs.org/trough/-/trough-2.2.0.tgz 805ms (cache miss)
1167 http fetch GET 200 https://registry.npmjs.org/util-deprecate/-/util-deprecate-1.0.2.tgz 808ms (cache miss)
1168 http fetch GET 200 https://registry.npmjs.org/tslib/-/tslib-2.8.1.tgz 808ms (cache miss)
1169 http fetch GET 200 https://registry.npmjs.org/troika-three-utils/-/troika-three-utils-0.52.4.tgz 810ms (cache miss)
1170 http fetch GET 200 https://registry.npmjs.org/undici-types/-/undici-types-6.21.0.tgz 819ms (cache miss)
1171 http fetch GET 200 https://registry.npmjs.org/unist-util-stringify-position/-/unist-util-stringify-position-4.0.0.tgz 828ms (cache miss)
1172 http fetch GET 200 https://registry.npmjs.org/trim-lines/-/trim-lines-3.0.1.tgz 848ms (cache miss)
1173 http fetch GET 200 https://registry.npmjs.org/tree-kill/-/tree-kill-1.2.2.tgz 857ms (cache miss)
1174 http fetch GET 200 https://registry.npmjs.org/toidentifier/-/toidentifier-1.0.1.tgz 863ms (cache miss)
1175 http fetch GET 200 https://registry.npmjs.org/to-regex-range/-/to-regex-range-5.0.1.tgz 864ms (cache miss)
1176 http fetch GET 200 https://registry.npmjs.org/tiny-invariant/-/tiny-invariant-1.3.3.tgz 873ms (cache miss)
1177 http fetch GET 200 https://registry.npmjs.org/tunnel-rat/-/tunnel-rat-0.1.2.tgz 876ms (cache miss)
1178 http fetch GET 200 https://registry.npmjs.org/unified/-/unified-11.0.5.tgz 887ms (cache miss)
1179 http fetch GET 200 https://registry.npmjs.org/tinyexec/-/tinyexec-1.2.4.tgz 899ms (cache miss)
1180 http fetch GET 200 https://registry.npmjs.org/thenify-all/-/thenify-all-1.6.0.tgz 918ms (cache miss)
1181 http fetch GET 200 https://registry.npmjs.org/thenify/-/thenify-3.3.1.tgz 918ms (cache miss)
1182 http fetch GET 200 https://registry.npmjs.org/tinyglobby/-/tinyglobby-0.2.17.tgz 924ms (cache miss)
1183 http fetch GET 200 https://registry.npmjs.org/suspend-react/-/suspend-react-0.1.3.tgz 939ms (cache miss)
1184 http fetch GET 200 https://registry.npmjs.org/supports-preserve-symlinks-flag/-/supports-preserve-symlinks-flag-1.0.0.tgz 975ms (cache miss)
1185 http fetch GET 200 https://registry.npmjs.org/supports-color/-/supports-color-8.1.1.tgz 985ms (cache miss)
1186 http fetch GET 200 https://registry.npmjs.org/vite/-/vite-6.4.3.tgz 1009ms (cache miss)
1187 http fetch GET 200 https://registry.npmjs.org/strip-ansi/-/strip-ansi-6.0.1.tgz 1052ms (cache miss)
1188 http fetch GET 200 https://registry.npmjs.org/tailwind-merge/-/tailwind-merge-2.6.1.tgz 1104ms (cache miss)
1189 http fetch GET 200 https://registry.npmjs.org/stringify-entities/-/stringify-entities-4.0.4.tgz 1145ms (cache miss)
1190 http fetch GET 200 https://registry.npmjs.org/statuses/-/statuses-2.0.2.tgz 1203ms (cache miss)
1191 http fetch GET 200 https://registry.npmjs.org/three-mesh-bvh/-/three-mesh-bvh-0.8.3.tgz 1219ms (cache miss)
1192 http fetch GET 200 https://registry.npmjs.org/style-to-js/-/style-to-js-1.1.21.tgz 1220ms (cache miss)
1193 http fetch GET 200 https://registry.npmjs.org/troika-worker-utils/-/troika-worker-utils-0.52.0.tgz 1248ms (cache miss)
1194 http fetch GET 200 https://registry.npmjs.org/space-separated-tokens/-/space-separated-tokens-2.0.2.tgz 1306ms (cache miss)
1195 http fetch GET 200 https://registry.npmjs.org/style-to-object/-/style-to-object-1.0.14.tgz 1355ms (cache miss)
1196 http fetch GET 200 https://registry.npmjs.org/side-channel-map/-/side-channel-map-1.0.1.tgz 1364ms (cache miss)
1197 http fetch GET 200 https://registry.npmjs.org/utility-types/-/utility-types-3.11.0.tgz 1399ms (cache miss)
1198 http fetch GET 200 https://registry.npmjs.org/ts-node/-/ts-node-10.9.2.tgz 1426ms (cache miss)
1199 http fetch GET 200 https://registry.npmjs.org/string-width/-/string-width-4.2.3.tgz 1459ms (cache miss)
1200 http fetch GET 200 https://registry.npmjs.org/side-channel-list/-/side-channel-list-1.0.1.tgz 1495ms (cache miss)
1201 http fetch GET 200 https://registry.npmjs.org/side-channel/-/side-channel-1.1.1.tgz 1507ms (cache miss)
1202 http fetch GET 200 https://registry.npmjs.org/stats.js/-/stats.js-0.17.0.tgz 1541ms (cache miss)
1203 http fetch GET 200 https://registry.npmjs.org/shebang-command/-/shebang-command-2.0.0.tgz 1548ms (cache miss)
1204 http fetch GET 200 https://registry.npmjs.org/setprototypeof/-/setprototypeof-1.2.0.tgz 1592ms (cache miss)
1205 http fetch GET 200 https://registry.npmjs.org/tailwindcss/-/tailwindcss-3.4.19.tgz 1603ms (cache miss)
1206 http fetch GET 200 https://registry.npmjs.org/serve-static/-/serve-static-1.16.3.tgz 1607ms (cache miss)
1207 http fetch GET 200 https://registry.npmjs.org/semver/-/semver-6.3.1.tgz 1607ms (cache miss)
1208 http fetch GET 200 https://registry.npmjs.org/scheduler/-/scheduler-0.27.0.tgz 1644ms (cache miss)
1209 http fetch GET 200 https://registry.npmjs.org/side-channel-weakmap/-/side-channel-weakmap-1.0.2.tgz 1646ms (cache miss)
1210 http fetch GET 200 https://registry.npmjs.org/shebang-regex/-/shebang-regex-3.0.0.tgz 1650ms (cache miss)
1211 http fetch GET 200 https://registry.npmjs.org/send/-/send-0.19.2.tgz 1669ms (cache miss)
1212 http fetch GET 200 https://registry.npmjs.org/set-cookie-parser/-/set-cookie-parser-2.7.2.tgz 1670ms (cache miss)
1213 http fetch GET 200 https://registry.npmjs.org/stats-gl/-/stats-gl-2.4.2.tgz 1676ms (cache miss)
1214 http fetch GET 200 https://registry.npmjs.org/rw/-/rw-1.3.3.tgz 1690ms (cache miss)
1215 http fetch GET 200 https://registry.npmjs.org/safe-buffer/-/safe-buffer-5.2.1.tgz 1696ms (cache miss)
1216 http fetch GET 200 https://registry.npmjs.org/run-parallel/-/run-parallel-1.2.0.tgz 1696ms (cache miss)
1217 http fetch GET 200 https://registry.npmjs.org/reusify/-/reusify-1.1.0.tgz 1727ms (cache miss)
1218 http fetch GET 200 https://registry.npmjs.org/resolve/-/resolve-1.22.12.tgz 1853ms (cache miss)
1219 http fetch GET 200 https://registry.npmjs.org/remark-parse/-/remark-parse-11.0.0.tgz 1931ms (cache miss)
1220 http fetch GET 200 https://registry.npmjs.org/yargs-parser/-/yargs-parser-21.1.1.tgz 1976ms (cache miss)
1221 http fetch GET 200 https://registry.npmjs.org/recharts-scale/-/recharts-scale-0.4.5.tgz 2073ms (cache miss)
1222 http fetch GET 200 https://registry.npmjs.org/safer-buffer/-/safer-buffer-2.1.2.tgz 2158ms (cache miss)
1223 http fetch GET 200 https://registry.npmjs.org/source-map-js/-/source-map-js-1.2.1.tgz 2213ms (cache miss)
1224 http fetch GET 200 https://registry.npmjs.org/react-use-measure/-/react-use-measure-2.1.7.tgz 2298ms (cache miss)
1225 http fetch GET 200 https://registry.npmjs.org/remark-rehype/-/remark-rehype-11.1.2.tgz 2365ms (cache miss)
1226 http fetch GET 200 https://registry.npmjs.org/troika-three-text/-/troika-three-text-0.52.4.tgz 2479ms (cache miss)
1227 http fetch GET 200 https://registry.npmjs.org/read-cache/-/read-cache-1.0.0.tgz 2481ms (cache miss)
1228 http fetch GET 200 https://registry.npmjs.org/require-directory/-/require-directory-2.1.1.tgz 2523ms (cache miss)
1229 http fetch GET 200 https://registry.npmjs.org/rollup/-/rollup-4.62.2.tgz 2670ms (cache miss)
1230 http fetch GET 200 https://registry.npmjs.org/robust-predicates/-/robust-predicates-3.0.3.tgz 2692ms (cache miss)
1231 http fetch GET 200 https://registry.npmjs.org/react-transition-group/-/react-transition-group-4.4.5.tgz 2692ms (cache miss)
1232 http fetch GET 200 https://registry.npmjs.org/react-markdown/-/react-markdown-10.1.0.tgz 2755ms (cache miss)
1233 http fetch GET 200 https://registry.npmjs.org/rxjs/-/rxjs-7.8.2.tgz 2782ms (cache miss)
1234 http fetch GET 200 https://registry.npmjs.org/react-refresh/-/react-refresh-0.17.0.tgz 2804ms (cache miss)
1235 http fetch GET 200 https://registry.npmjs.org/react-router-dom/-/react-router-dom-7.18.1.tgz 2825ms (cache miss)
1236 http fetch GET 200 https://registry.npmjs.org/readdirp/-/readdirp-4.1.2.tgz 2903ms (cache miss)
1237 http fetch GET 200 https://registry.npmjs.org/shell-quote/-/shell-quote-1.9.0.tgz 2983ms (cache miss)
1238 http fetch GET 200 https://registry.npmjs.org/react-is/-/react-is-16.13.1.tgz 2987ms (cache miss)
1239 http fetch GET 200 https://registry.npmjs.org/range-parser/-/range-parser-1.2.1.tgz 2992ms (cache miss)
1240 http fetch GET 200 https://registry.npmjs.org/raw-body/-/raw-body-2.5.3.tgz 3015ms (cache miss)
1241 http fetch GET 200 https://registry.npmjs.org/react-smooth/-/react-smooth-4.0.4.tgz 3130ms (cache miss)
1242 http fetch GET 200 https://registry.npmjs.org/react/-/react-19.2.7.tgz 3159ms (cache miss)
1243 http fetch GET 200 https://registry.npmjs.org/pure-rand/-/pure-rand-6.1.0.tgz 3169ms (cache miss)
1244 http fetch GET 200 https://registry.npmjs.org/queue-microtask/-/queue-microtask-1.2.3.tgz 3234ms (cache miss)
1245 http fetch GET 200 https://registry.npmjs.org/prop-types/-/prop-types-15.8.1.tgz 3253ms (cache miss)
1246 http fetch GET 200 https://registry.npmjs.org/promise-worker-transferable/-/promise-worker-transferable-1.0.4.tgz 3275ms (cache miss)
1247 http fetch GET 200 https://registry.npmjs.org/rc9/-/rc9-2.1.2.tgz 3293ms (cache miss)
1248 http fetch GET 200 https://registry.npmjs.org/proxy-addr/-/proxy-addr-2.0.7.tgz 3351ms (cache miss)
1249 http fetch GET 200 https://registry.npmjs.org/postcss-selector-parser/-/postcss-selector-parser-6.1.4.tgz 3484ms (cache miss)
1250 http fetch GET 200 https://registry.npmjs.org/property-information/-/property-information-7.2.0.tgz 3935ms (cache miss)
1251 http fetch GET 200 https://registry.npmjs.org/sucrase/-/sucrase-3.35.1.tgz 4020ms (cache miss)
1252 http fetch GET 200 https://registry.npmjs.org/potpack/-/potpack-1.0.2.tgz 4104ms (cache miss)
1253 http fetch GET 200 https://registry.npmjs.org/postcss-js/-/postcss-js-4.1.0.tgz 4108ms (cache miss)
1254 http fetch GET 200 https://registry.npmjs.org/qs/-/qs-6.15.3.tgz 4169ms (cache miss)
1255 http fetch GET 200 https://registry.npmjs.org/pirates/-/pirates-4.0.7.tgz 4271ms (cache miss)
1256 http fetch GET 200 https://registry.npmjs.org/require-from-string/-/require-from-string-2.0.2.tgz 4337ms (cache miss)
1257 http fetch GET 200 https://registry.npmjs.org/postcss-nested/-/postcss-nested-6.2.0.tgz 4349ms (cache miss)
1258 http fetch GET 200 https://registry.npmjs.org/pify/-/pify-2.3.0.tgz 4569ms (cache miss)
1259 http fetch GET 200 https://registry.npmjs.org/picocolors/-/picocolors-1.1.1.tgz 4574ms (cache miss)
1260 http fetch GET 200 https://registry.npmjs.org/postcss-import/-/postcss-import-15.1.0.tgz 4669ms (cache miss)
1261 http fetch GET 200 https://registry.npmjs.org/perfect-debounce/-/perfect-debounce-1.0.0.tgz 4680ms (cache miss)
1262 http fetch GET 200 https://registry.npmjs.org/recharts/-/recharts-2.15.4.tgz 4707ms (cache miss)
1263 warn deprecated recharts@2.15.4: 1.x and 2.x branches are no longer active. Bump to Recharts v3 to receive latest features and bugfixes. See https://github.com/recharts/recharts/wiki/3.0-migration-guide
1264 http fetch GET 200 https://registry.npmjs.org/pkg-types/-/pkg-types-2.3.1.tgz 4714ms (cache miss)
1265 http fetch GET 200 https://registry.npmjs.org/path-parse/-/path-parse-1.0.7.tgz 4723ms (cache miss)
1266 http fetch GET 200 https://registry.npmjs.org/react-dom/-/react-dom-19.2.7.tgz 4747ms (cache miss)
1267 http fetch GET 200 https://registry.npmjs.org/postcss/-/postcss-8.5.20.tgz 4757ms (cache miss)
1268 http fetch GET 200 https://registry.npmjs.org/path-key/-/path-key-3.1.1.tgz 4760ms (cache miss)
1269 http fetch GET 200 https://registry.npmjs.org/path-to-regexp/-/path-to-regexp-0.1.13.tgz 4767ms (cache miss)
1270 http fetch GET 200 https://registry.npmjs.org/pathe/-/pathe-2.0.3.tgz 4774ms (cache miss)
1271 http fetch GET 200 https://registry.npmjs.org/parse-entities/-/parse-entities-4.0.2.tgz 4799ms (cache miss)
1272 http fetch GET 200 https://registry.npmjs.org/ohash/-/ohash-2.0.11.tgz 4803ms (cache miss)
1273 http fetch GET 200 https://registry.npmjs.org/on-finished/-/on-finished-2.4.1.tgz 4816ms (cache miss)
1274 http fetch GET 200 https://registry.npmjs.org/nypm/-/nypm-0.6.8.tgz 4852ms (cache miss)
1275 http fetch GET 200 https://registry.npmjs.org/normalize-path/-/normalize-path-3.0.0.tgz 4857ms (cache miss)
1276 http fetch GET 200 https://registry.npmjs.org/node-releases/-/node-releases-2.0.51.tgz 4864ms (cache miss)
1277 http fetch GET 200 https://registry.npmjs.org/object-hash/-/object-hash-3.0.0.tgz 4872ms (cache miss)
1278 http fetch GET 200 https://registry.npmjs.org/parseurl/-/parseurl-1.3.3.tgz 4876ms (cache miss)
1279 http fetch GET 200 https://registry.npmjs.org/object-assign/-/object-assign-4.1.1.tgz 4897ms (cache miss)
1280 http fetch GET 200 https://registry.npmjs.org/picomatch/-/picomatch-4.0.5.tgz 4917ms (cache miss)
1281 http fetch GET 200 https://registry.npmjs.org/negotiator/-/negotiator-0.6.3.tgz 4923ms (cache miss)
1282 http fetch GET 200 https://registry.npmjs.org/nanoid/-/nanoid-3.3.16.tgz 4927ms (cache miss)
1283 http fetch GET 200 https://registry.npmjs.org/mz/-/mz-2.7.0.tgz 4970ms (cache miss)
1284 http fetch GET 200 https://registry.npmjs.org/motion-utils/-/motion-utils-11.18.1.tgz 4977ms (cache miss)
1285 http fetch GET 200 https://registry.npmjs.org/ms/-/ms-2.1.3.tgz 5025ms (cache miss)
1286 http fetch GET 200 https://registry.npmjs.org/object-inspect/-/object-inspect-1.13.4.tgz 5030ms (cache miss)
1287 http fetch GET 200 https://registry.npmjs.org/mime-types/-/mime-types-2.1.35.tgz 5039ms (cache miss)
1288 http fetch GET 200 https://registry.npmjs.org/postcss-load-config/-/postcss-load-config-6.0.1.tgz 5064ms (cache miss)
1289 http fetch GET 200 https://registry.npmjs.org/postcss-value-parser/-/postcss-value-parser-4.2.0.tgz 5130ms (cache miss)
1290 http fetch GET 200 https://registry.npmjs.org/micromatch/-/micromatch-4.0.8.tgz 5183ms (cache miss)
1291 http fetch GET 200 https://registry.npmjs.org/mime-db/-/mime-db-1.52.0.tgz 5206ms (cache miss)
1292 http fetch GET 200 https://registry.npmjs.org/motion-dom/-/motion-dom-11.18.1.tgz 5210ms (cache miss)
1293 http fetch GET 200 https://registry.npmjs.org/mime/-/mime-1.6.0.tgz 5222ms (cache miss)
1294 http fetch GET 200 https://registry.npmjs.org/micromark-util-symbol/-/micromark-util-symbol-2.0.1.tgz 5251ms (cache miss)
1295 http fetch GET 200 https://registry.npmjs.org/micromark-util-sanitize-uri/-/micromark-util-sanitize-uri-2.0.1.tgz 5251ms (cache miss)
1296 http fetch GET 200 https://registry.npmjs.org/micromark-util-resolve-all/-/micromark-util-resolve-all-2.0.1.tgz 5266ms (cache miss)
1297 http fetch GET 200 https://registry.npmjs.org/micromark-util-normalize-identifier/-/micromark-util-normalize-identifier-2.0.1.tgz 5281ms (cache miss)
1298 http fetch GET 200 https://registry.npmjs.org/n8ao/-/n8ao-1.10.3.tgz 5299ms (cache miss)
1299 http fetch GET 200 https://registry.npmjs.org/micromark-util-encode/-/micromark-util-encode-2.0.1.tgz 5342ms (cache miss)
1300 http fetch GET 200 https://registry.npmjs.org/micromark-util-types/-/micromark-util-types-2.0.2.tgz 5367ms (cache miss)
1301 http fetch GET 200 https://registry.npmjs.org/micromark-util-combine-extensions/-/micromark-util-combine-extensions-2.0.1.tgz 5372ms (cache miss)
1302 http fetch GET 200 https://registry.npmjs.org/micromark-util-chunked/-/micromark-util-chunked-2.0.1.tgz 5415ms (cache miss)
1303 http fetch GET 200 https://registry.npmjs.org/micromark-factory-whitespace/-/micromark-factory-whitespace-2.0.1.tgz 5506ms (cache miss)
1304 http fetch GET 200 https://registry.npmjs.org/micromark-util-character/-/micromark-util-character-2.1.1.tgz 5515ms (cache miss)
1305 http fetch GET 200 https://registry.npmjs.org/micromark-factory-space/-/micromark-factory-space-2.0.1.tgz 5606ms (cache miss)
1306 http fetch GET 200 https://registry.npmjs.org/micromark-util-classify-character/-/micromark-util-classify-character-2.0.1.tgz 5636ms (cache miss)
1307 http fetch GET 200 https://registry.npmjs.org/micromark-factory-destination/-/micromark-factory-destination-2.0.1.tgz 5686ms (cache miss)
1308 http fetch GET 200 https://registry.npmjs.org/micromark-util-html-tag-name/-/micromark-util-html-tag-name-2.0.1.tgz 5688ms (cache miss)
1309 http fetch GET 200 https://registry.npmjs.org/micromark-factory-label/-/micromark-factory-label-2.0.1.tgz 5692ms (cache miss)
1310 http fetch GET 200 https://registry.npmjs.org/micromark-util-decode-numeric-character-reference/-/micromark-util-decode-numeric-character-reference-2.0.2.tgz 5704ms (cache miss)
1311 http fetch GET 200 https://registry.npmjs.org/methods/-/methods-1.1.2.tgz 5809ms (cache miss)
1312 http fetch GET 200 https://registry.npmjs.org/micromark-util-decode-string/-/micromark-util-decode-string-2.0.1.tgz 5817ms (cache miss)
1313 http fetch GET 200 https://registry.npmjs.org/micromark-factory-title/-/micromark-factory-title-2.0.1.tgz 5822ms (cache miss)
1314 http fetch GET 200 https://registry.npmjs.org/meshline/-/meshline-3.3.1.tgz 5908ms (cache miss)
1315 http fetch GET 200 https://registry.npmjs.org/media-typer/-/media-typer-0.3.0.tgz 5934ms (cache miss)
1316 http fetch GET 200 https://registry.npmjs.org/merge-descriptors/-/merge-descriptors-1.0.3.tgz 5957ms (cache miss)
1317 http fetch GET 200 https://registry.npmjs.org/micromark-core-commonmark/-/micromark-core-commonmark-2.0.3.tgz 5969ms (cache miss)
1318 http fetch GET 200 https://registry.npmjs.org/micromark-util-subtokenize/-/micromark-util-subtokenize-2.1.0.tgz 5994ms (cache miss)
1319 http fetch GET 200 https://registry.npmjs.org/node-fetch-native/-/node-fetch-native-1.6.7.tgz 6027ms (cache miss)
1320 http fetch GET 200 https://registry.npmjs.org/merge2/-/merge2-1.4.1.tgz 6042ms (cache miss)
1321 http fetch GET 200 https://registry.npmjs.org/micromark/-/micromark-4.0.2.tgz 6066ms (cache miss)
1322 http fetch GET 200 https://registry.npmjs.org/mdast-util-mdx-expression/-/mdast-util-mdx-expression-2.0.1.tgz 6085ms (cache miss)
1323 http fetch GET 200 https://registry.npmjs.org/mdast-util-phrasing/-/mdast-util-phrasing-4.1.0.tgz 6117ms (cache miss)
1324 http fetch GET 200 https://registry.npmjs.org/mdast-util-mdxjs-esm/-/mdast-util-mdxjs-esm-2.0.1.tgz 6146ms (cache miss)
1325 http fetch GET 200 https://registry.npmjs.org/postprocessing/-/postprocessing-6.39.3.tgz 6171ms (cache miss)
1326 http fetch GET 200 https://registry.npmjs.org/mdast-util-from-markdown/-/mdast-util-from-markdown-2.0.3.tgz 6183ms (cache miss)
1327 http fetch GET 200 https://registry.npmjs.org/math-intrinsics/-/math-intrinsics-1.1.0.tgz 6202ms (cache miss)
1328 http fetch GET 200 https://registry.npmjs.org/three-stdlib/-/three-stdlib-2.36.1.tgz 6229ms (cache miss)
1329 http fetch GET 200 https://registry.npmjs.org/mdast-util-to-markdown/-/mdast-util-to-markdown-2.1.2.tgz 6221ms (cache miss)
1330 http fetch GET 200 https://registry.npmjs.org/lru-cache/-/lru-cache-5.1.1.tgz 6225ms (cache miss)
1331 http fetch GET 200 https://registry.npmjs.org/loose-envify/-/loose-envify-1.4.0.tgz 6262ms (cache miss)
1332 http fetch GET 200 https://registry.npmjs.org/lodash.once/-/lodash.once-4.1.1.tgz 6277ms (cache miss)
1333 http fetch GET 200 https://registry.npmjs.org/meshoptimizer/-/meshoptimizer-0.18.1.tgz 6311ms (cache miss)
1334 http fetch GET 200 https://registry.npmjs.org/lodash.isstring/-/lodash.isstring-4.0.1.tgz 6313ms (cache miss)
1335 http fetch GET 200 https://registry.npmjs.org/maath/-/maath-0.10.8.tgz 6321ms (cache miss)
1336 http fetch GET 200 https://registry.npmjs.org/lodash.isnumber/-/lodash.isnumber-3.0.3.tgz 6333ms (cache miss)
1337 http fetch GET 200 https://registry.npmjs.org/ogl/-/ogl-1.0.11.tgz 6347ms (cache miss)
1338 http fetch GET 200 https://registry.npmjs.org/lodash.isplainobject/-/lodash.isplainobject-4.0.6.tgz 6371ms (cache miss)
1339 http fetch GET 200 https://registry.npmjs.org/lodash.isinteger/-/lodash.isinteger-4.0.4.tgz 6371ms (cache miss)
1340 http fetch GET 200 https://registry.npmjs.org/mdast-util-to-string/-/mdast-util-to-string-4.0.0.tgz 6386ms (cache miss)
1341 http fetch GET 200 https://registry.npmjs.org/lines-and-columns/-/lines-and-columns-1.2.4.tgz 6407ms (cache miss)
1342 http fetch GET 200 https://registry.npmjs.org/mdast-util-to-hast/-/mdast-util-to-hast-13.2.1.tgz 6418ms (cache miss)
1343 http fetch GET 200 https://registry.npmjs.org/lodash.includes/-/lodash.includes-4.3.0.tgz 6421ms (cache miss)
1344 http fetch GET 200 https://registry.npmjs.org/lodash.isboolean/-/lodash.isboolean-3.0.3.tgz 6424ms (cache miss)
1345 http fetch GET 200 https://registry.npmjs.org/mdast-util-mdx-jsx/-/mdast-util-mdx-jsx-3.2.0.tgz 6442ms (cache miss)
1346 http fetch GET 200 https://registry.npmjs.org/lilconfig/-/lilconfig-3.1.3.tgz 6459ms (cache miss)
1347 http fetch GET 200 https://registry.npmjs.org/longest-streak/-/longest-streak-3.1.0.tgz 6511ms (cache miss)
1348 http fetch GET 200 https://registry.npmjs.org/jwa/-/jwa-2.0.1.tgz 6530ms (cache miss)
1349 http fetch GET 200 https://registry.npmjs.org/make-error/-/make-error-1.3.6.tgz 6540ms (cache miss)
1350 http fetch GET 200 https://registry.npmjs.org/is-plain-obj/-/is-plain-obj-4.1.0.tgz 6584ms (cache miss)
1351 http fetch GET 200 https://registry.npmjs.org/its-fine/-/its-fine-2.0.0.tgz 6585ms (cache miss)
1352 http fetch GET 200 https://registry.npmjs.org/js-tokens/-/js-tokens-4.0.0.tgz 6586ms (cache miss)
1353 http fetch GET 200 https://registry.npmjs.org/isexe/-/isexe-2.0.0.tgz 6633ms (cache miss)
1354 http fetch GET 200 https://registry.npmjs.org/is-hexadecimal/-/is-hexadecimal-2.0.1.tgz 6671ms (cache miss)
1355 http fetch GET 200 https://registry.npmjs.org/is-number/-/is-number-7.0.0.tgz 6704ms (cache miss)
1356 http fetch GET 200 https://registry.npmjs.org/is-promise/-/is-promise-2.2.2.tgz 6751ms (cache miss)
1357 http fetch GET 200 https://registry.npmjs.org/jsonwebtoken/-/jsonwebtoken-9.0.3.tgz 6761ms (cache miss)
1358 http fetch GET 200 https://registry.npmjs.org/is-glob/-/is-glob-4.0.3.tgz 6799ms (cache miss)
1359 http fetch GET 200 https://registry.npmjs.org/jws/-/jws-4.0.1.tgz 6800ms (cache miss)
1360 http fetch GET 200 https://registry.npmjs.org/is-binary-path/-/is-binary-path-2.1.0.tgz 6827ms (cache miss)
1361 http fetch GET 200 https://registry.npmjs.org/json5/-/json5-2.2.3.tgz 6969ms (cache miss)
1362 http fetch GET 200 https://registry.npmjs.org/is-alphanumerical/-/is-alphanumerical-2.0.1.tgz 7022ms (cache miss)
1363 http fetch GET 200 https://registry.npmjs.org/is-decimal/-/is-decimal-2.0.1.tgz 7099ms (cache miss)
1364 http fetch GET 200 https://registry.npmjs.org/jsesc/-/jsesc-3.1.0.tgz 7115ms (cache miss)
1365 http fetch GET 200 https://registry.npmjs.org/is-fullwidth-code-point/-/is-fullwidth-code-point-3.0.0.tgz 7155ms (cache miss)
1366 http fetch GET 200 https://registry.npmjs.org/internmap/-/internmap-2.0.3.tgz 7201ms (cache miss)
1367 http fetch GET 200 https://registry.npmjs.org/is-extglob/-/is-extglob-2.1.1.tgz 7356ms (cache miss)
1368 http fetch GET 200 https://registry.npmjs.org/ipaddr.js/-/ipaddr.js-1.9.1.tgz 7482ms (cache miss)
1369 http fetch GET 200 https://registry.npmjs.org/lie/-/lie-3.3.0.tgz 7538ms (cache miss)
1370 http fetch GET 200 https://registry.npmjs.org/inherits/-/inherits-2.0.4.tgz 7541ms (cache miss)
1371 http fetch GET 200 https://registry.npmjs.org/ieee754/-/ieee754-1.2.1.tgz 7574ms (cache miss)
1372 http fetch GET 200 https://registry.npmjs.org/is-core-module/-/is-core-module-2.16.2.tgz 7607ms (cache miss)
1373 http fetch GET 200 https://registry.npmjs.org/is-alphabetical/-/is-alphabetical-2.0.1.tgz 7693ms (cache miss)
1374 http fetch GET 200 https://registry.npmjs.org/immediate/-/immediate-3.0.6.tgz 7721ms (cache miss)
1375 http fetch GET 200 https://registry.npmjs.org/inline-style-parser/-/inline-style-parser-0.2.7.tgz 7809ms (cache miss)
1376 http fetch GET 200 https://registry.npmjs.org/hast-util-whitespace/-/hast-util-whitespace-3.0.0.tgz 7817ms (cache miss)
1377 http fetch GET 200 https://registry.npmjs.org/html-url-attributes/-/html-url-attributes-3.0.1.tgz 7863ms (cache miss)
1378 http fetch GET 200 https://registry.npmjs.org/hast-util-to-jsx-runtime/-/hast-util-to-jsx-runtime-2.3.6.tgz 8000ms (cache miss)
1379 http fetch GET 200 https://registry.npmjs.org/typescript/-/typescript-5.9.3.tgz 8061ms (cache miss)
1380 http fetch GET 200 https://registry.npmjs.org/iconv-lite/-/iconv-lite-0.6.3.tgz 8084ms (cache miss)
1381 http fetch GET 200 https://registry.npmjs.org/has-flag/-/has-flag-4.0.0.tgz 8143ms (cache miss)
1382 http fetch GET 200 https://registry.npmjs.org/gopd/-/gopd-1.2.0.tgz 8143ms (cache miss)
1383 http fetch GET 200 https://registry.npmjs.org/has-symbols/-/has-symbols-1.1.0.tgz 8226ms (cache miss)
1384 http fetch GET 200 https://registry.npmjs.org/get-proto/-/get-proto-1.0.1.tgz 8307ms (cache miss)
1385 http fetch GET 200 https://registry.npmjs.org/gensync/-/gensync-1.0.0-beta.2.tgz 8345ms (cache miss)
1386 http fetch GET 200 https://registry.npmjs.org/get-caller-file/-/get-caller-file-2.0.5.tgz 8460ms (cache miss)
1387 http fetch GET 200 https://registry.npmjs.org/glsl-noise/-/glsl-noise-0.0.0.tgz 8513ms (cache miss)
1388 http fetch GET 200 https://registry.npmjs.org/fsevents/-/fsevents-2.3.3.tgz 8607ms (cache miss)
1389 http fetch GET 200 https://registry.npmjs.org/function-bind/-/function-bind-1.1.2.tgz 8606ms (cache miss)
1390 http fetch GET 200 https://registry.npmjs.org/glob-parent/-/glob-parent-6.0.2.tgz 8696ms (cache miss)
1391 http fetch GET 200 https://registry.npmjs.org/hasown/-/hasown-2.0.4.tgz 8762ms (cache miss)
1392 http fetch GET 200 https://registry.npmjs.org/get-intrinsic/-/get-intrinsic-1.3.0.tgz 8776ms (cache miss)
1393 http fetch GET 200 https://registry.npmjs.org/fraction.js/-/fraction.js-5.3.4.tgz 8819ms (cache miss)
1394 http fetch GET 200 https://registry.npmjs.org/giget/-/giget-2.0.0.tgz 8868ms (cache miss)
1395 http fetch GET 200 https://registry.npmjs.org/fdir/-/fdir-6.5.0.tgz 8905ms (cache miss)
1396 http fetch GET 200 https://registry.npmjs.org/fresh/-/fresh-0.5.2.tgz 8953ms (cache miss)
1397 http fetch GET 200 https://registry.npmjs.org/finalhandler/-/finalhandler-1.3.2.tgz 8976ms (cache miss)
1398 http fetch GET 200 https://registry.npmjs.org/forwarded/-/forwarded-0.2.0.tgz 9098ms (cache miss)
1399 http fetch GET 200 https://registry.npmjs.org/lodash/-/lodash-4.18.1.tgz 9186ms (cache miss)
1400 http fetch GET 200 https://registry.npmjs.org/fflate/-/fflate-0.8.3.tgz 9202ms (cache miss)
1401 http fetch GET 200 https://registry.npmjs.org/fill-range/-/fill-range-7.1.1.tgz 9309ms (cache miss)
1402 http fetch GET 200 https://registry.npmjs.org/fast-equals/-/fast-equals-5.4.1.tgz 9352ms (cache miss)
1403 http fetch GET 200 https://registry.npmjs.org/jiti/-/jiti-2.7.0.tgz 9356ms (cache miss)
1404 http fetch GET 200 https://registry.npmjs.org/fastq/-/fastq-1.20.1.tgz 9397ms (cache miss)
1405 http fetch GET 200 https://registry.npmjs.org/exsolve/-/exsolve-1.1.0.tgz 9417ms (cache miss)
1406 http fetch GET 200 https://registry.npmjs.org/fast-glob/-/fast-glob-3.3.3.tgz 9448ms (cache miss)
1407 http fetch GET 200 https://registry.npmjs.org/extend/-/extend-3.0.2.tgz 9457ms (cache miss)
1408 http fetch GET 200 https://registry.npmjs.org/estree-util-is-identifier-name/-/estree-util-is-identifier-name-3.0.0.tgz 9478ms (cache miss)
1409 http fetch GET 200 https://registry.npmjs.org/eventemitter3/-/eventemitter3-4.0.7.tgz 9520ms (cache miss)
1410 http fetch GET 200 https://registry.npmjs.org/escalade/-/escalade-3.2.0.tgz 9535ms (cache miss)
1411 http fetch GET 200 https://registry.npmjs.org/escape-html/-/escape-html-1.0.3.tgz 9581ms (cache miss)
1412 http fetch GET 200 https://registry.npmjs.org/etag/-/etag-1.8.1.tgz 9587ms (cache miss)
1413 http fetch GET 200 https://registry.npmjs.org/http-errors/-/http-errors-2.0.1.tgz 9606ms (cache miss)
1414 http fetch GET 200 https://registry.npmjs.org/es-define-property/-/es-define-property-1.0.1.tgz 9708ms (cache miss)
1415 http fetch GET 200 https://registry.npmjs.org/express/-/express-4.22.2.tgz 9795ms (cache miss)
1416 http fetch GET 200 https://registry.npmjs.org/es-object-atoms/-/es-object-atoms-1.1.2.tgz 9830ms (cache miss)
1417 http fetch GET 200 https://registry.npmjs.org/react-router/-/react-router-7.18.1.tgz 9872ms (cache miss)
1418 http fetch GET 200 https://registry.npmjs.org/empathic/-/empathic-2.0.0.tgz 9864ms (cache miss)
1419 http fetch GET 200 https://registry.npmjs.org/ee-first/-/ee-first-1.1.1.tgz 9909ms (cache miss)
1420 http fetch GET 200 https://registry.npmjs.org/es-errors/-/es-errors-1.3.0.tgz 9916ms (cache miss)
1421 http fetch GET 200 https://registry.npmjs.org/esbuild/-/esbuild-0.28.1.tgz 9920ms (cache miss)
1422 http fetch GET 200 https://registry.npmjs.org/dunder-proto/-/dunder-proto-1.0.1.tgz 10004ms (cache miss)
1423 http fetch GET 200 https://registry.npmjs.org/encodeurl/-/encodeurl-2.0.0.tgz 10127ms (cache miss)
1424 http fetch GET 200 https://registry.npmjs.org/gsap/-/gsap-3.15.0.tgz 10158ms (cache miss)
1425 http fetch GET 200 https://registry.npmjs.org/dlv/-/dlv-1.1.3.tgz 10184ms (cache miss)
1426 http fetch GET 200 https://registry.npmjs.org/dotenv/-/dotenv-16.6.1.tgz 10185ms (cache miss)
1427 http fetch GET 200 https://registry.npmjs.org/destroy/-/destroy-1.2.0.tgz 10299ms (cache miss)
1428 http fetch GET 200 https://registry.npmjs.org/devlop/-/devlop-1.1.0.tgz 10299ms (cache miss)
1429 http fetch GET 200 https://registry.npmjs.org/diff/-/diff-4.0.4.tgz 10308ms (cache miss)
1430 http fetch GET 200 https://registry.npmjs.org/electron-to-chromium/-/electron-to-chromium-1.5.393.tgz 10353ms (cache miss)
1431 http fetch GET 200 https://registry.npmjs.org/destr/-/destr-2.0.5.tgz 10359ms (cache miss)
1432 http fetch GET 200 https://registry.npmjs.org/didyoumean/-/didyoumean-1.2.2.tgz 10370ms (cache miss)
1433 http fetch GET 200 https://registry.npmjs.org/depd/-/depd-2.0.0.tgz 10478ms (cache miss)
1434 http fetch GET 200 https://registry.npmjs.org/emoji-regex/-/emoji-regex-8.0.0.tgz 10483ms (cache miss)
1435 http fetch GET 200 https://registry.npmjs.org/dom-helpers/-/dom-helpers-5.2.1.tgz 10600ms (cache miss)
1436 http fetch GET 200 https://registry.npmjs.org/defu/-/defu-6.1.7.tgz 10629ms (cache miss)
1437 http fetch GET 200 https://registry.npmjs.org/delaunator/-/delaunator-5.1.0.tgz 10634ms (cache miss)
1438 http fetch GET 200 https://registry.npmjs.org/decode-named-character-reference/-/decode-named-character-reference-1.3.0.tgz 10650ms (cache miss)
1439 http fetch GET 200 https://registry.npmjs.org/fast-check/-/fast-check-3.23.2.tgz 10667ms (cache miss)
1440 http fetch GET 200 https://registry.npmjs.org/dequal/-/dequal-2.0.3.tgz 10663ms (cache miss)
1441 http fetch GET 200 https://registry.npmjs.org/ecdsa-sig-formatter/-/ecdsa-sig-formatter-1.0.11.tgz 10709ms (cache miss)
1442 http fetch GET 200 https://registry.npmjs.org/d3-timer/-/d3-timer-3.0.1.tgz 10743ms (cache miss)
1443 http fetch GET 200 https://registry.npmjs.org/debug/-/debug-4.4.3.tgz 10755ms (cache miss)
1444 http fetch GET 200 https://registry.npmjs.org/d3-transition/-/d3-transition-3.0.1.tgz 10794ms (cache miss)
1445 http fetch GET 200 https://registry.npmjs.org/d3-time-format/-/d3-time-format-4.1.0.tgz 10864ms (cache miss)
1446 http fetch GET 200 https://registry.npmjs.org/d3-shape/-/d3-shape-3.2.0.tgz 11016ms (cache miss)
1447 http fetch GET 200 https://registry.npmjs.org/d3-selection/-/d3-selection-3.0.0.tgz 11020ms (cache miss)
1448 http fetch GET 200 https://registry.npmjs.org/draco3d/-/draco3d-1.5.7.tgz 11028ms (cache miss)
1449 http fetch GET 200 https://registry.npmjs.org/d3-scale-chromatic/-/d3-scale-chromatic-3.1.0.tgz 11028ms (cache miss)
1450 http fetch GET 200 https://registry.npmjs.org/d3-zoom/-/d3-zoom-3.0.0.tgz 11089ms (cache miss)
1451 http fetch GET 200 https://registry.npmjs.org/d3-polygon/-/d3-polygon-3.0.1.tgz 11093ms (cache miss)
1452 http fetch GET 200 https://registry.npmjs.org/d3-quadtree/-/d3-quadtree-3.0.1.tgz 11205ms (cache miss)
1453 http fetch GET 200 https://registry.npmjs.org/deepmerge-ts/-/deepmerge-ts-7.1.5.tgz 11245ms (cache miss)
1454 http fetch GET 200 https://registry.npmjs.org/d3-time/-/d3-time-3.1.0.tgz 11311ms (cache miss)
1455 http fetch GET 200 https://registry.npmjs.org/d3-format/-/d3-format-3.1.2.tgz 11357ms (cache miss)
1456 http fetch GET 200 https://registry.npmjs.org/d3-interpolate/-/d3-interpolate-3.0.1.tgz 11408ms (cache miss)
1457 http fetch GET 200 https://registry.npmjs.org/d3-random/-/d3-random-3.0.1.tgz 11415ms (cache miss)
1458 http fetch GET 200 https://registry.npmjs.org/d3-path/-/d3-path-3.1.0.tgz 11453ms (cache miss)
1459 http fetch GET 200 https://registry.npmjs.org/d3-dsv/-/d3-dsv-3.0.1.tgz 11550ms (cache miss)
1460 http fetch GET 200 https://registry.npmjs.org/d3-geo/-/d3-geo-3.1.1.tgz 11590ms (cache miss)
1461 http fetch GET 200 https://registry.npmjs.org/decimal.js-light/-/decimal.js-light-2.5.1.tgz 11600ms (cache miss)
1462 http fetch GET 200 https://registry.npmjs.org/d3-fetch/-/d3-fetch-3.0.1.tgz 11647ms (cache miss)
1463 http fetch GET 200 https://registry.npmjs.org/detect-gpu/-/detect-gpu-5.0.70.tgz 11667ms (cache miss)
1464 http fetch GET 200 https://registry.npmjs.org/d3-force/-/d3-force-3.0.0.tgz 11701ms (cache miss)
1465 http fetch GET 200 https://registry.npmjs.org/d3-dispatch/-/d3-dispatch-3.0.1.tgz 11756ms (cache miss)
1466 http fetch GET 200 https://registry.npmjs.org/d3-ease/-/d3-ease-3.0.1.tgz 11776ms (cache miss)
1467 http fetch GET 200 https://registry.npmjs.org/d3-drag/-/d3-drag-3.0.0.tgz 11776ms (cache miss)
1468 http fetch GET 200 https://registry.npmjs.org/d3-color/-/d3-color-3.1.0.tgz 11784ms (cache miss)
1469 http fetch GET 200 https://registry.npmjs.org/d3-brush/-/d3-brush-3.0.0.tgz 11821ms (cache miss)
1470 http fetch GET 200 https://registry.npmjs.org/d3-chord/-/d3-chord-3.0.1.tgz 11915ms (cache miss)
1471 http fetch GET 200 https://registry.npmjs.org/d3-scale/-/d3-scale-4.0.2.tgz 11945ms (cache miss)
1472 http fetch GET 200 https://registry.npmjs.org/d3-contour/-/d3-contour-4.0.2.tgz 12046ms (cache miss)
1473 http fetch GET 200 https://registry.npmjs.org/cross-env/-/cross-env-7.0.3.tgz 12123ms (cache miss)
1474 http fetch GET 200 https://registry.npmjs.org/d3-hierarchy/-/d3-hierarchy-3.1.2.tgz 12139ms (cache miss)
1475 http fetch GET 200 https://registry.npmjs.org/cross-spawn/-/cross-spawn-7.0.6.tgz 12202ms (cache miss)
1476 http fetch GET 200 https://registry.npmjs.org/cors/-/cors-2.8.6.tgz 12241ms (cache miss)
1477 http fetch GET 200 https://registry.npmjs.org/create-require/-/create-require-1.1.1.tgz 12249ms (cache miss)
1478 http fetch GET 200 https://registry.npmjs.org/d3-array/-/d3-array-3.2.4.tgz 12266ms (cache miss)
1479 http fetch GET 200 https://registry.npmjs.org/content-type/-/content-type-1.0.5.tgz 12298ms (cache miss)
1480 http fetch GET 200 https://registry.npmjs.org/cookie-signature/-/cookie-signature-1.0.7.tgz 12302ms (cache miss)
1481 http fetch GET 200 https://registry.npmjs.org/content-disposition/-/content-disposition-0.5.4.tgz 12336ms (cache miss)
1482 http fetch GET 200 https://registry.npmjs.org/cssesc/-/cssesc-3.0.0.tgz 12340ms (cache miss)
1483 http fetch GET 200 https://registry.npmjs.org/convert-source-map/-/convert-source-map-2.0.0.tgz 12377ms (cache miss)
1484 http fetch GET 200 https://registry.npmjs.org/comma-separated-tokens/-/comma-separated-tokens-2.0.3.tgz 12438ms (cache miss)
1485 http fetch GET 200 https://registry.npmjs.org/d3-delaunay/-/d3-delaunay-6.0.4.tgz 12447ms (cache miss)
1486 http fetch GET 200 https://registry.npmjs.org/cookie/-/cookie-0.7.2.tgz 12451ms (cache miss)
1487 http fetch GET 200 https://registry.npmjs.org/cliui/-/cliui-8.0.1.tgz 12559ms (cache miss)
1488 http fetch GET 200 https://registry.npmjs.org/clsx/-/clsx-2.1.1.tgz 12610ms (cache miss)
1489 http fetch GET 200 https://registry.npmjs.org/color-convert/-/color-convert-2.0.1.tgz 12624ms (cache miss)
1490 http fetch GET 200 https://registry.npmjs.org/color-name/-/color-name-1.1.4.tgz 12761ms (cache miss)
1491 http fetch GET 200 https://registry.npmjs.org/d3-axis/-/d3-axis-3.0.0.tgz 12870ms (cache miss)
1492 http fetch GET 200 https://registry.npmjs.org/confbox/-/confbox-0.2.4.tgz 12926ms (cache miss)
1493 http fetch GET 200 https://registry.npmjs.org/citty/-/citty-0.1.6.tgz 12930ms (cache miss)
1494 http fetch GET 200 https://registry.npmjs.org/character-reference-invalid/-/character-reference-invalid-2.0.1.tgz 12933ms (cache miss)
1495 http fetch GET 200 https://registry.npmjs.org/consola/-/consola-3.4.2.tgz 12942ms (cache miss)
1496 http fetch GET 200 https://registry.npmjs.org/character-entities-legacy/-/character-entities-legacy-3.0.0.tgz 12981ms (cache miss)
1497 http fetch GET 200 https://registry.npmjs.org/character-entities-html4/-/character-entities-html4-2.1.0.tgz 13025ms (cache miss)
1498 http fetch GET 200 https://registry.npmjs.org/ccount/-/ccount-2.0.1.tgz 13086ms (cache miss)
1499 http fetch GET 200 https://registry.npmjs.org/character-entities/-/character-entities-2.0.2.tgz 13097ms (cache miss)
1500 http fetch GET 200 https://registry.npmjs.org/chokidar/-/chokidar-4.0.3.tgz 13166ms (cache miss)
1501 http fetch GET 200 https://registry.npmjs.org/call-bind-apply-helpers/-/call-bind-apply-helpers-1.0.2.tgz 13188ms (cache miss)
1502 http fetch GET 200 https://registry.npmjs.org/chalk/-/chalk-4.1.2.tgz 13229ms (cache miss)
1503 http fetch GET 200 https://registry.npmjs.org/camelcase-css/-/camelcase-css-2.0.1.tgz 13267ms (cache miss)
1504 http fetch GET 200 https://registry.npmjs.org/commander/-/commander-7.2.0.tgz 13279ms (cache miss)
1505 http fetch GET 200 https://registry.npmjs.org/csstype/-/csstype-3.2.3.tgz 13297ms (cache miss)
1506 http fetch GET 200 https://registry.npmjs.org/bytes/-/bytes-3.1.2.tgz 13293ms (cache miss)
1507 http fetch GET 200 https://registry.npmjs.org/c12/-/c12-3.1.0.tgz 13373ms (cache miss)
1508 http fetch GET 200 https://registry.npmjs.org/browserslist/-/browserslist-4.28.6.tgz 13432ms (cache miss)
1509 http fetch GET 200 https://registry.npmjs.org/buffer/-/buffer-6.0.3.tgz 13468ms (cache miss)
1510 http fetch GET 200 https://registry.npmjs.org/call-bound/-/call-bound-1.0.4.tgz 13536ms (cache miss)
1511 http fetch GET 200 https://registry.npmjs.org/buffer-equal-constant-time/-/buffer-equal-constant-time-1.0.1.tgz 13545ms (cache miss)
1512 http fetch GET 200 https://registry.npmjs.org/braces/-/braces-3.0.3.tgz 13653ms (cache miss)
1513 http fetch GET 200 https://registry.npmjs.org/concurrently/-/concurrently-9.2.4.tgz 13688ms (cache miss)
1514 http fetch GET 200 https://registry.npmjs.org/base64-js/-/base64-js-1.5.1.tgz 13786ms (cache miss)
1515 http fetch GET 200 https://registry.npmjs.org/bidi-js/-/bidi-js-1.0.3.tgz 13803ms (cache miss)
1516 http fetch GET 200 https://registry.npmjs.org/baseline-browser-mapping/-/baseline-browser-mapping-2.10.43.tgz 13828ms (cache miss)
1517 http fetch GET 200 https://registry.npmjs.org/bail/-/bail-2.0.2.tgz 13841ms (cache miss)
1518 http fetch GET 200 https://registry.npmjs.org/bcryptjs/-/bcryptjs-3.0.3.tgz 13855ms (cache miss)
1519 http fetch GET 200 https://registry.npmjs.org/camera-controls/-/camera-controls-3.1.2.tgz 13866ms (cache miss)
1520 http fetch GET 200 https://registry.npmjs.org/three/-/three-0.172.0.tgz 13904ms (cache miss)
1521 http fetch GET 200 https://registry.npmjs.org/array-flatten/-/array-flatten-1.1.1.tgz 13879ms (cache miss)
1522 http fetch GET 200 https://registry.npmjs.org/arg/-/arg-5.0.2.tgz 13890ms (cache miss)
1523 http fetch GET 200 https://registry.npmjs.org/binary-extensions/-/binary-extensions-2.3.0.tgz 13891ms (cache miss)
1524 http fetch GET 200 https://registry.npmjs.org/anymatch/-/anymatch-3.1.3.tgz 13908ms (cache miss)
1525 http fetch GET 200 https://registry.npmjs.org/ansi-regex/-/ansi-regex-5.0.1.tgz 13940ms (cache miss)
1526 http fetch GET 200 https://registry.npmjs.org/accepts/-/accepts-1.3.8.tgz 13949ms (cache miss)
1527 http fetch GET 200 https://registry.npmjs.org/ansi-styles/-/ansi-styles-4.3.0.tgz 13949ms (cache miss)
1528 http fetch GET 200 https://registry.npmjs.org/autoprefixer/-/autoprefixer-10.5.4.tgz 13959ms (cache miss)
1529 http fetch GET 200 https://registry.npmjs.org/any-promise/-/any-promise-1.3.0.tgz 14030ms (cache miss)
1530 http fetch GET 200 https://registry.npmjs.org/acorn-walk/-/acorn-walk-8.3.5.tgz 14031ms (cache miss)
1531 http fetch GET 200 https://registry.npmjs.org/@vitejs/plugin-react/-/plugin-react-4.7.0.tgz 14045ms (cache miss)
1532 http fetch GET 200 https://registry.npmjs.org/body-parser/-/body-parser-1.20.6.tgz 14166ms (cache miss)
1533 http fetch GET 200 https://registry.npmjs.org/@use-gesture/react/-/react-10.3.1.tgz 14182ms (cache miss)
1534 http fetch GET 200 https://registry.npmjs.org/react-hook-form/-/react-hook-form-7.82.0.tgz 14376ms (cache miss)
1535 http fetch GET 200 https://registry.npmjs.org/acorn/-/acorn-8.17.0.tgz 14360ms (cache miss)
1536 http fetch GET 200 https://registry.npmjs.org/caniuse-lite/-/caniuse-lite-1.0.30001806.tgz 14369ms (cache miss)
1537 http fetch GET 200 https://registry.npmjs.org/@use-gesture/core/-/core-10.3.1.tgz 14368ms (cache miss)
1538 http fetch GET 200 https://registry.npmjs.org/@types/unist/-/unist-3.0.3.tgz 14388ms (cache miss)
1539 http fetch GET 200 https://registry.npmjs.org/@types/webxr/-/webxr-0.5.24.tgz 14390ms (cache miss)
1540 http fetch GET 200 https://registry.npmjs.org/@types/serve-static/-/serve-static-2.2.0.tgz 14407ms (cache miss)
1541 http fetch GET 200 https://registry.npmjs.org/@types/react-dom/-/react-dom-19.2.3.tgz 14417ms (cache miss)
1542 http fetch GET 200 https://registry.npmjs.org/@types/send/-/send-1.2.1.tgz 14472ms (cache miss)
1543 http fetch GET 200 https://registry.npmjs.org/@types/react-reconciler/-/react-reconciler-0.28.9.tgz 14491ms (cache miss)
1544 http fetch GET 200 https://registry.npmjs.org/@types/stats.js/-/stats.js-0.17.4.tgz 14555ms (cache miss)
1545 http fetch GET 200 https://registry.npmjs.org/@ungap/structured-clone/-/structured-clone-1.3.3.tgz 14560ms (cache miss)
1546 http fetch GET 200 https://registry.npmjs.org/@types/jsonwebtoken/-/jsonwebtoken-9.0.10.tgz 14611ms (cache miss)
1547 http fetch GET 200 https://registry.npmjs.org/@types/qs/-/qs-6.15.1.tgz 14708ms (cache miss)
1548 http fetch GET 200 https://registry.npmjs.org/@types/react/-/react-19.2.17.tgz 14724ms (cache miss)
1549 http fetch GET 200 https://registry.npmjs.org/@webgpu/types/-/types-0.1.71.tgz 14744ms (cache miss)
1550 http fetch GET 200 https://registry.npmjs.org/@types/mdast/-/mdast-4.0.4.tgz 14809ms (cache miss)
1551 http fetch GET 200 https://registry.npmjs.org/@types/geojson/-/geojson-7946.0.16.tgz 14874ms (cache miss)
1552 http fetch GET 200 https://registry.npmjs.org/@types/http-errors/-/http-errors-2.0.5.tgz 14923ms (cache miss)
1553 http fetch GET 200 https://registry.npmjs.org/@types/ms/-/ms-2.1.0.tgz 14931ms (cache miss)
1554 http fetch GET 200 https://registry.npmjs.org/@types/draco3d/-/draco3d-1.4.10.tgz 14930ms (cache miss)
1555 http fetch GET 200 https://registry.npmjs.org/@types/range-parser/-/range-parser-1.2.7.tgz 15007ms (cache miss)
1556 http fetch GET 200 https://registry.npmjs.org/@types/d3-timer/-/d3-timer-3.0.2.tgz 15067ms (cache miss)
1557 http fetch GET 200 https://registry.npmjs.org/@types/hast/-/hast-3.0.5.tgz 15085ms (cache miss)
1558 http fetch GET 200 https://registry.npmjs.org/@types/express/-/express-5.0.6.tgz 15127ms (cache miss)
1559 http fetch GET 200 https://registry.npmjs.org/@types/node/-/node-22.20.1.tgz 15147ms (cache miss)
1560 http fetch GET 200 https://registry.npmjs.org/@types/express-serve-static-core/-/express-serve-static-core-5.1.2.tgz 15165ms (cache miss)
1561 http fetch GET 200 https://registry.npmjs.org/@types/estree/-/estree-1.0.9.tgz 15180ms (cache miss)
1562 http fetch GET 200 https://registry.npmjs.org/@types/d3-transition/-/d3-transition-3.0.9.tgz 15187ms (cache miss)
1563 http fetch GET 200 https://registry.npmjs.org/@types/d3-time/-/d3-time-3.0.4.tgz 15186ms (cache miss)
1564 http fetch GET 200 https://registry.npmjs.org/@types/debug/-/debug-4.1.13.tgz 15223ms (cache miss)
1565 http fetch GET 200 https://registry.npmjs.org/@types/estree-jsx/-/estree-jsx-1.0.5.tgz 15241ms (cache miss)
1566 http fetch GET 200 https://registry.npmjs.org/@types/d3-shape/-/d3-shape-3.1.8.tgz 15240ms (cache miss)
1567 http fetch GET 200 https://registry.npmjs.org/@types/three/-/three-0.171.0.tgz 15254ms (cache miss)
1568 http fetch GET 200 https://registry.npmjs.org/@types/d3-zoom/-/d3-zoom-3.0.8.tgz 15253ms (cache miss)
1569 http fetch GET 200 https://registry.npmjs.org/@types/d3-scale-chromatic/-/d3-scale-chromatic-3.1.0.tgz 15300ms (cache miss)
1570 http fetch GET 200 https://registry.npmjs.org/@types/d3-quadtree/-/d3-quadtree-3.0.6.tgz 15303ms (cache miss)
1571 http fetch GET 200 https://registry.npmjs.org/@types/offscreencanvas/-/offscreencanvas-2019.7.3.tgz 15311ms (cache miss)
1572 http fetch GET 200 https://registry.npmjs.org/@types/d3-hierarchy/-/d3-hierarchy-3.1.7.tgz 15337ms (cache miss)
1573 http fetch GET 200 https://registry.npmjs.org/@types/d3-interpolate/-/d3-interpolate-3.0.4.tgz 15395ms (cache miss)
1574 http fetch GET 200 https://registry.npmjs.org/@types/d3-force/-/d3-force-3.0.10.tgz 15396ms (cache miss)
1575 http fetch GET 200 https://registry.npmjs.org/@types/d3-path/-/d3-path-3.1.1.tgz 15397ms (cache miss)
1576 http fetch GET 200 https://registry.npmjs.org/@types/d3-geo/-/d3-geo-3.1.0.tgz 15458ms (cache miss)
1577 http fetch GET 200 https://registry.npmjs.org/@types/d3-ease/-/d3-ease-3.0.2.tgz 15460ms (cache miss)
1578 http fetch GET 200 https://registry.npmjs.org/@types/d3-dsv/-/d3-dsv-3.0.7.tgz 15473ms (cache miss)
1579 http fetch GET 200 https://registry.npmjs.org/@types/d3-drag/-/d3-drag-3.0.7.tgz 15519ms (cache miss)
1580 http fetch GET 200 https://registry.npmjs.org/@types/d3-time-format/-/d3-time-format-4.0.3.tgz 15526ms (cache miss)
1581 http fetch GET 200 https://registry.npmjs.org/@types/d3-polygon/-/d3-polygon-3.0.2.tgz 15529ms (cache miss)
1582 http fetch GET 200 https://registry.npmjs.org/@types/d3-contour/-/d3-contour-3.0.6.tgz 15532ms (cache miss)
1583 http fetch GET 200 https://registry.npmjs.org/@types/d3-delaunay/-/d3-delaunay-6.0.4.tgz 15535ms (cache miss)
1584 http fetch GET 200 https://registry.npmjs.org/@types/d3-dispatch/-/d3-dispatch-3.0.7.tgz 15576ms (cache miss)
1585 http fetch GET 200 https://registry.npmjs.org/@types/d3-color/-/d3-color-3.1.3.tgz 15582ms (cache miss)
1586 http fetch GET 200 https://registry.npmjs.org/@types/d3-scale/-/d3-scale-4.0.9.tgz 15649ms (cache miss)
1587 http fetch GET 200 https://registry.npmjs.org/@types/d3-selection/-/d3-selection-3.0.11.tgz 15729ms (cache miss)
1588 http fetch GET 200 https://registry.npmjs.org/@types/d3-fetch/-/d3-fetch-3.0.7.tgz 15836ms (cache miss)
1589 http fetch GET 200 https://registry.npmjs.org/@types/d3-brush/-/d3-brush-3.0.6.tgz 15853ms (cache miss)
1590 http fetch GET 200 https://registry.npmjs.org/@types/d3-axis/-/d3-axis-3.0.6.tgz 15897ms (cache miss)
1591 http fetch GET 200 https://registry.npmjs.org/@types/bcryptjs/-/bcryptjs-2.4.6.tgz 15919ms (cache miss)
1592 http fetch GET 200 https://registry.npmjs.org/@types/d3-random/-/d3-random-3.0.4.tgz 15995ms (cache miss)
1593 http fetch GET 200 https://registry.npmjs.org/@types/cors/-/cors-2.8.19.tgz 16135ms (cache miss)
1594 http fetch GET 200 https://registry.npmjs.org/@tweenjs/tween.js/-/tween.js-23.1.3.tgz 16144ms (cache miss)
1595 http fetch GET 200 https://registry.npmjs.org/@types/babel__generator/-/babel__generator-7.27.0.tgz 16185ms (cache miss)
1596 http fetch GET 200 https://registry.npmjs.org/@types/d3/-/d3-7.4.3.tgz 16198ms (cache miss)
1597 http fetch GET 200 https://registry.npmjs.org/@types/body-parser/-/body-parser-1.19.6.tgz 16224ms (cache miss)
1598 http fetch GET 200 https://registry.npmjs.org/@types/d3-chord/-/d3-chord-3.0.6.tgz 16285ms (cache miss)
1599 http fetch GET 200 https://registry.npmjs.org/@types/d3-format/-/d3-format-3.0.4.tgz 16465ms (cache miss)
1600 http fetch GET 200 https://registry.npmjs.org/@types/d3-array/-/d3-array-3.2.2.tgz 16464ms (cache miss)
1601 http fetch GET 200 https://registry.npmjs.org/@types/babel__template/-/babel__template-7.4.4.tgz 16591ms (cache miss)
1602 http fetch GET 200 https://registry.npmjs.org/lucide-react/-/lucide-react-1.25.0.tgz 16652ms (cache miss)
1603 http fetch GET 200 https://registry.npmjs.org/hls.js/-/hls.js-1.6.16.tgz 16664ms (cache miss)
1604 http fetch GET 200 https://registry.npmjs.org/@tsconfig/node14/-/node14-1.0.3.tgz 16655ms (cache miss)
1605 http fetch GET 200 https://registry.npmjs.org/@rolldown/pluginutils/-/pluginutils-1.0.0-beta.27.tgz 16691ms (cache miss)
1606 http fetch GET 200 https://registry.npmjs.org/@tsconfig/node12/-/node12-1.0.11.tgz 16701ms (cache miss)
1607 http fetch GET 200 https://registry.npmjs.org/@types/connect/-/connect-3.4.38.tgz 16739ms (cache miss)
1608 http fetch GET 200 https://registry.npmjs.org/@types/babel__traverse/-/babel__traverse-7.28.0.tgz 16782ms (cache miss)
1609 http fetch GET 200 https://registry.npmjs.org/d3/-/d3-7.9.0.tgz 16808ms (cache miss)
1610 http fetch GET 200 https://registry.npmjs.org/@types/babel__core/-/babel__core-7.20.5.tgz 16802ms (cache miss)
1611 http fetch GET 200 https://registry.npmjs.org/@standard-schema/spec/-/spec-1.1.0.tgz 16896ms (cache miss)
1612 http fetch GET 200 https://registry.npmjs.org/@tailwindcss/typography/-/typography-0.5.20.tgz 16972ms (cache miss)
1613 http fetch GET 200 https://registry.npmjs.org/@tanstack/react-query/-/react-query-5.101.2.tgz 17011ms (cache miss)
1614 http fetch GET 200 https://registry.npmjs.org/@tanstack/query-core/-/query-core-5.101.2.tgz 17039ms (cache miss)
1615 http fetch GET 200 https://registry.npmjs.org/@tsconfig/node16/-/node16-1.0.4.tgz 17117ms (cache miss)
1616 http fetch GET 200 https://registry.npmjs.org/@react-three/fiber/-/fiber-9.6.1.tgz 17288ms (cache miss)
1617 http fetch GET 200 https://registry.npmjs.org/@prisma/engines/-/engines-6.19.3.tgz 17287ms (cache miss)
1618 http fetch GET 200 https://registry.npmjs.org/@react-three/postprocessing/-/postprocessing-3.0.4.tgz 17356ms (cache miss)
1619 http fetch GET 200 https://registry.npmjs.org/@nodelib/fs.walk/-/fs.walk-1.2.8.tgz 17407ms (cache miss)
1620 http fetch GET 200 https://registry.npmjs.org/@tsconfig/node10/-/node10-1.0.12.tgz 17467ms (cache miss)
1621 http fetch GET 200 https://registry.npmjs.org/@jridgewell/sourcemap-codec/-/sourcemap-codec-1.5.5.tgz 17472ms (cache miss)
1622 http fetch GET 200 https://registry.npmjs.org/@prisma/debug/-/debug-6.19.3.tgz 17479ms (cache miss)
1623 http fetch GET 200 https://registry.npmjs.org/@jridgewell/trace-mapping/-/trace-mapping-0.3.31.tgz 17543ms (cache miss)
1624 http fetch GET 200 https://registry.npmjs.org/@jridgewell/resolve-uri/-/resolve-uri-3.1.2.tgz 17579ms (cache miss)
1625 http fetch GET 200 https://registry.npmjs.org/@nodelib/fs.scandir/-/fs.scandir-2.1.5.tgz 17694ms (cache miss)
1626 http fetch GET 200 https://registry.npmjs.org/@nodelib/fs.stat/-/fs.stat-2.0.5.tgz 17842ms (cache miss)
1627 http fetch GET 200 https://registry.npmjs.org/@prisma/engines-version/-/engines-version-7.1.1-3.c2990dca591cba766e3b7ef5d9e8a84796e47ab7.tgz 17899ms (cache miss)
1628 http fetch GET 200 https://registry.npmjs.org/@prisma/config/-/config-6.19.3.tgz 18095ms (cache miss)
1629 http fetch GET 200 https://registry.npmjs.org/@react-three/drei/-/drei-10.7.7.tgz 18418ms (cache miss)
1630 http fetch GET 200 https://registry.npmjs.org/@hookform/resolvers/-/resolvers-3.10.0.tgz 18456ms (cache miss)
1631 http fetch GET 200 https://registry.npmjs.org/@rollup/rollup-darwin-arm64/-/rollup-darwin-arm64-4.62.2.tgz 18462ms (cache miss)
1632 http fetch GET 200 https://registry.npmjs.org/@cspotcode/source-map-support/-/source-map-support-0.8.1.tgz 18522ms (cache miss)
1633 http fetch GET 200 https://registry.npmjs.org/@babel/template/-/template-7.29.7.tgz 18545ms (cache miss)
1634 http fetch GET 200 https://registry.npmjs.org/@monogrid/gainmap-js/-/gainmap-js-3.4.0.tgz 18568ms (cache miss)
1635 http fetch GET 200 https://registry.npmjs.org/@jridgewell/gen-mapping/-/gen-mapping-0.3.13.tgz 18575ms (cache miss)
1636 http fetch GET 200 https://registry.npmjs.org/@babel/runtime/-/runtime-7.29.7.tgz 18752ms (cache miss)
1637 http fetch GET 200 https://registry.npmjs.org/prisma/-/prisma-6.19.3.tgz 18887ms (cache miss)
1638 http fetch GET 200 https://registry.npmjs.org/@google/generative-ai/-/generative-ai-0.24.1.tgz 18894ms (cache miss)
1639 http fetch GET 200 https://registry.npmjs.org/@jridgewell/remapping/-/remapping-2.3.5.tgz 19068ms (cache miss)
1640 http fetch GET 200 https://registry.npmjs.org/@babel/plugin-transform-react-jsx-self/-/plugin-transform-react-jsx-self-7.29.7.tgz 19070ms (cache miss)
1641 http fetch GET 200 https://registry.npmjs.org/@babel/parser/-/parser-7.29.7.tgz 19105ms (cache miss)
1642 http fetch GET 200 https://registry.npmjs.org/@babel/helper-plugin-utils/-/helper-plugin-utils-7.29.7.tgz 19156ms (cache miss)
1643 http fetch GET 200 https://registry.npmjs.org/@babel/traverse/-/traverse-7.29.7.tgz 19169ms (cache miss)
1644 http fetch GET 200 https://registry.npmjs.org/@babel/types/-/types-7.29.7.tgz 19181ms (cache miss)
1645 http fetch GET 200 https://registry.npmjs.org/@babel/helper-string-parser/-/helper-string-parser-7.29.7.tgz 19213ms (cache miss)
1646 http fetch GET 200 https://registry.npmjs.org/@babel/helpers/-/helpers-7.29.7.tgz 19349ms (cache miss)
1647 http fetch GET 200 https://registry.npmjs.org/@babel/helper-validator-option/-/helper-validator-option-7.29.7.tgz 19368ms (cache miss)
1648 http fetch GET 200 https://registry.npmjs.org/@babel/helper-module-imports/-/helper-module-imports-7.29.7.tgz 19390ms (cache miss)
1649 http fetch GET 200 https://registry.npmjs.org/@babel/plugin-transform-react-jsx-source/-/plugin-transform-react-jsx-source-7.29.7.tgz 19402ms (cache miss)
1650 http fetch GET 200 https://registry.npmjs.org/@babel/helper-module-transforms/-/helper-module-transforms-7.29.7.tgz 19478ms (cache miss)
1651 http fetch GET 200 https://registry.npmjs.org/@babel/helper-validator-identifier/-/helper-validator-identifier-7.29.7.tgz 19495ms (cache miss)
1652 http fetch GET 200 https://registry.npmjs.org/esbuild/-/esbuild-0.25.12.tgz 19551ms (cache miss)
1653 http fetch GET 200 https://registry.npmjs.org/@prisma/fetch-engine/-/fetch-engine-6.19.3.tgz 19597ms (cache miss)
1654 http fetch GET 200 https://registry.npmjs.org/@babel/generator/-/generator-7.29.7.tgz 19639ms (cache miss)
1655 http fetch GET 200 https://registry.npmjs.org/@babel/helper-globals/-/helper-globals-7.29.7.tgz 19723ms (cache miss)
1656 http fetch GET 200 https://registry.npmjs.org/@babel/compat-data/-/compat-data-7.29.7.tgz 19732ms (cache miss)
1657 http fetch GET 200 https://registry.npmjs.org/zustand/-/zustand-4.5.7.tgz 19753ms (cache miss)
1658 http fetch GET 200 https://registry.npmjs.org/arg/-/arg-4.1.3.tgz 19808ms (cache miss)
1659 http fetch GET 200 https://registry.npmjs.org/@babel/code-frame/-/code-frame-7.29.7.tgz 19821ms (cache miss)
1660 http fetch GET 200 https://registry.npmjs.org/chokidar/-/chokidar-3.6.0.tgz 19828ms (cache miss)
1661 http fetch GET 200 https://registry.npmjs.org/fflate/-/fflate-0.6.10.tgz 19845ms (cache miss)
1662 http fetch GET 200 https://registry.npmjs.org/@babel/helper-compilation-targets/-/helper-compilation-targets-7.29.7.tgz 19860ms (cache miss)
1663 http fetch GET 200 https://registry.npmjs.org/readdirp/-/readdirp-3.6.0.tgz 19867ms (cache miss)
1664 http fetch GET 200 https://registry.npmjs.org/glob-parent/-/glob-parent-5.1.2.tgz 19879ms (cache miss)
1665 http fetch GET 200 https://registry.npmjs.org/commander/-/commander-4.1.1.tgz 19936ms (cache miss)
1666 http fetch GET 200 https://registry.npmjs.org/cookie/-/cookie-1.1.1.tgz 19946ms (cache miss)
1667 http fetch GET 200 https://registry.npmjs.org/debug/-/debug-2.6.9.tgz 19947ms (cache miss)
1668 http fetch GET 200 https://registry.npmjs.org/picomatch/-/picomatch-2.3.2.tgz 19949ms (cache miss)
1669 http fetch GET 200 https://registry.npmjs.org/@types/unist/-/unist-2.0.11.tgz 19997ms (cache miss)
1670 http fetch GET 200 https://registry.npmjs.org/citty/-/citty-0.2.2.tgz 19998ms (cache miss)
1671 http fetch GET 200 https://registry.npmjs.org/react-is/-/react-is-18.3.1.tgz 20016ms (cache miss)
1672 http fetch GET 200 https://registry.npmjs.org/ms/-/ms-2.0.0.tgz 20038ms (cache miss)
1673 http fetch GET 200 https://registry.npmjs.org/picomatch/-/picomatch-2.3.2.tgz 20053ms (cache miss)
1674 http fetch GET 200 https://registry.npmjs.org/@babel/core/-/core-7.29.7.tgz 20136ms (cache miss)
1675 http fetch GET 200 https://registry.npmjs.org/glob-parent/-/glob-parent-5.1.2.tgz 20156ms (cache miss)
1676 http fetch GET 200 https://registry.npmjs.org/ms/-/ms-2.0.0.tgz 20206ms (cache miss)
1677 http fetch GET 200 https://registry.npmjs.org/@alloc/quick-lru/-/quick-lru-5.2.0.tgz 20222ms (cache miss)
1678 http fetch GET 200 https://registry.npmjs.org/semver/-/semver-7.8.5.tgz 20406ms (cache miss)
1679 http fetch GET 200 https://registry.npmjs.org/debug/-/debug-2.6.9.tgz 20422ms (cache miss)
1680 http fetch GET 200 https://registry.npmjs.org/debug/-/debug-2.6.9.tgz 20513ms (cache miss)
1681 http fetch GET 200 https://registry.npmjs.org/supports-color/-/supports-color-7.2.0.tgz 20520ms (cache miss)
1682 http fetch GET 200 https://registry.npmjs.org/debug/-/debug-2.6.9.tgz 20531ms (cache miss)
1683 http fetch GET 200 https://registry.npmjs.org/ms/-/ms-2.0.0.tgz 20563ms (cache miss)
1684 http fetch GET 200 https://registry.npmjs.org/ms/-/ms-2.0.0.tgz 20568ms (cache miss)
1685 http fetch GET 200 https://registry.npmjs.org/picomatch/-/picomatch-2.3.2.tgz 20598ms (cache miss)
1686 http fetch GET 200 https://registry.npmjs.org/postcss-selector-parser/-/postcss-selector-parser-6.0.10.tgz 20655ms (cache miss)
1687 http fetch GET 200 https://registry.npmjs.org/iconv-lite/-/iconv-lite-0.4.24.tgz 20670ms (cache miss)
1688 http fetch GET 200 https://registry.npmjs.org/iconv-lite/-/iconv-lite-0.4.24.tgz 20769ms (cache miss)
1689 http fetch GET 200 https://registry.npmjs.org/maath/-/maath-0.6.0.tgz 20849ms (cache miss)
1690 http fetch GET 200 https://registry.npmjs.org/@prisma/get-platform/-/get-platform-6.19.3.tgz 21003ms (cache miss)
1691 http fetch GET 200 https://registry.npmjs.org/jiti/-/jiti-1.21.7.tgz 21162ms (cache miss)
1692 http fetch GET 200 https://registry.npmjs.org/@jridgewell/trace-mapping/-/trace-mapping-0.3.9.tgz 21188ms (cache miss)
1693 http fetch GET 200 https://registry.npmjs.org/framer-motion/-/framer-motion-11.18.2.tgz 21749ms (cache miss)
1694 http fetch GET 200 https://registry.npmjs.org/@esbuild/darwin-arm64/-/darwin-arm64-0.28.1.tgz 26121ms (cache miss)
1695 http fetch GET 200 https://registry.npmjs.org/three/-/three-0.170.0.tgz 26854ms (cache miss)
1696 http fetch GET 200 https://registry.npmjs.org/@esbuild/darwin-arm64/-/darwin-arm64-0.25.12.tgz 26956ms (cache miss)
1697 http fetch GET 200 https://registry.npmjs.org/@mediapipe/tasks-vision/-/tasks-vision-0.10.17.tgz 27612ms (cache miss)
1698 http fetch GET 200 https://registry.npmjs.org/effect/-/effect-3.21.0.tgz 32957ms (cache miss)
1699 http fetch GET 200 https://registry.npmjs.org/@prisma/client/-/client-6.19.3.tgz 34219ms (cache miss)
1700 info run prisma@6.19.3 preinstall node_modules/prisma node scripts/preinstall-entry.js
1701 info run prisma@6.19.3 preinstall { code: 0, signal: null }
1702 info run @prisma/client@6.19.3 postinstall node_modules/@prisma/client node scripts/postinstall.js
1703 info run @prisma/engines@6.19.3 postinstall node_modules/@prisma/engines node scripts/postinstall.js
1704 info run esbuild@0.28.1 postinstall node_modules/esbuild node install.js
1705 info run esbuild@0.25.12 postinstall node_modules/vite/node_modules/esbuild node install.js
1706 info run @prisma/engines@6.19.3 postinstall { code: 0, signal: null }
1707 info run esbuild@0.28.1 postinstall { code: 0, signal: null }
1708 info run esbuild@0.25.12 postinstall { code: 0, signal: null }
1709 info run @prisma/client@6.19.3 postinstall { code: 0, signal: null }
1710 silly ADD node_modules/zwitch
1711 silly ADD node_modules/zustand
1712 silly ADD node_modules/zod
1713 silly ADD node_modules/yn
1714 silly ADD node_modules/yargs-parser
1715 silly ADD node_modules/yargs
1716 silly ADD node_modules/yallist
1717 silly ADD node_modules/y18n
1718 silly ADD node_modules/wrap-ansi
1719 silly ADD node_modules/which
1720 silly ADD node_modules/webgl-sdf-generator
1721 silly ADD node_modules/webgl-constants
1722 silly ADD node_modules/vite
1723 silly ADD node_modules/vite/node_modules/esbuild
1724 silly ADD node_modules/vite/node_modules/@esbuild/darwin-arm64
1725 silly ADD node_modules/victory-vendor
1726 silly ADD node_modules/vfile-message
1727 silly ADD node_modules/vfile
1728 silly ADD node_modules/vary
1729 silly ADD node_modules/v8-compile-cache-lib
1730 silly ADD node_modules/utils-merge
1731 silly ADD node_modules/utility-types
1732 silly ADD node_modules/util-deprecate
1733 silly ADD node_modules/use-sync-external-store
1734 silly ADD node_modules/update-browserslist-db
1735 silly ADD node_modules/unpipe
1736 silly ADD node_modules/unist-util-visit-parents
1737 silly ADD node_modules/unist-util-visit
1738 silly ADD node_modules/unist-util-stringify-position
1739 silly ADD node_modules/unist-util-position
1740 silly ADD node_modules/unist-util-is
1741 silly ADD node_modules/unified
1742 silly ADD node_modules/undici-types
1743 silly ADD node_modules/typescript
1744 silly ADD node_modules/type-is
1745 silly ADD node_modules/tunnel-rat
1746 silly ADD node_modules/tunnel-rat/node_modules/zustand
1747 silly ADD node_modules/tsx
1748 silly ADD node_modules/tslib
1749 silly ADD node_modules/ts-node
1750 silly ADD node_modules/ts-node/node_modules/arg
1751 silly ADD node_modules/ts-interface-checker
1752 silly ADD node_modules/trough
1753 silly ADD node_modules/troika-worker-utils
1754 silly ADD node_modules/troika-three-utils
1755 silly ADD node_modules/troika-three-text
1756 silly ADD node_modules/trim-lines
1757 silly ADD node_modules/tree-kill
1758 silly ADD node_modules/toidentifier
1759 silly ADD node_modules/to-regex-range
1760 silly ADD node_modules/tinyglobby
1761 silly ADD node_modules/tinyexec
1762 silly ADD node_modules/tiny-invariant
1763 silly ADD node_modules/three-stdlib
1764 silly ADD node_modules/three-stdlib/node_modules/fflate
1765 silly ADD node_modules/three-mesh-bvh
1766 silly ADD node_modules/three
1767 silly ADD node_modules/thenify-all
1768 silly ADD node_modules/thenify
1769 silly ADD node_modules/tailwindcss
1770 silly ADD node_modules/tailwindcss/node_modules/readdirp
1771 silly ADD node_modules/tailwindcss/node_modules/picomatch
1772 silly ADD node_modules/tailwindcss/node_modules/jiti
1773 silly ADD node_modules/tailwindcss/node_modules/chokidar
1774 silly ADD node_modules/tailwindcss/node_modules/chokidar/node_modules/glob-parent
1775 silly ADD node_modules/tailwind-merge
1776 silly ADD node_modules/suspend-react
1777 silly ADD node_modules/supports-preserve-symlinks-flag
1778 silly ADD node_modules/supports-color
1779 silly ADD node_modules/sucrase
1780 silly ADD node_modules/sucrase/node_modules/commander
1781 silly ADD node_modules/style-to-object
1782 silly ADD node_modules/style-to-js
1783 silly ADD node_modules/strip-ansi
1784 silly ADD node_modules/stringify-entities
1785 silly ADD node_modules/string-width
1786 silly ADD node_modules/statuses
1787 silly ADD node_modules/stats.js
1788 silly ADD node_modules/stats-gl
1789 silly ADD node_modules/stats-gl/node_modules/three
1790 silly ADD node_modules/space-separated-tokens
1791 silly ADD node_modules/source-map-js
1792 silly ADD node_modules/side-channel-weakmap
1793 silly ADD node_modules/side-channel-map
1794 silly ADD node_modules/side-channel-list
1795 silly ADD node_modules/side-channel
1796 silly ADD node_modules/shell-quote
1797 silly ADD node_modules/shebang-regex
1798 silly ADD node_modules/shebang-command
1799 silly ADD node_modules/setprototypeof
1800 silly ADD node_modules/set-cookie-parser
1801 silly ADD node_modules/serve-static
1802 silly ADD node_modules/send
1803 silly ADD node_modules/send/node_modules/debug
1804 silly ADD node_modules/send/node_modules/debug/node_modules/ms
1805 silly ADD node_modules/semver
1806 silly ADD node_modules/scheduler
1807 silly ADD node_modules/safer-buffer
1808 silly ADD node_modules/safe-buffer
1809 silly ADD node_modules/rxjs
1810 silly ADD node_modules/rw
1811 silly ADD node_modules/run-parallel
1812 silly ADD node_modules/rollup
1813 silly ADD node_modules/robust-predicates
1814 silly ADD node_modules/reusify
1815 silly ADD node_modules/resolve
1816 silly ADD node_modules/require-from-string
1817 silly ADD node_modules/require-directory
1818 silly ADD node_modules/remark-rehype
1819 silly ADD node_modules/remark-parse
1820 silly ADD node_modules/recharts-scale
1821 silly ADD node_modules/recharts
1822 silly ADD node_modules/recharts/node_modules/react-is
1823 silly ADD node_modules/readdirp
1824 silly ADD node_modules/read-cache
1825 silly ADD node_modules/react-use-measure
1826 silly ADD node_modules/react-transition-group
1827 silly ADD node_modules/react-smooth
1828 silly ADD node_modules/react-router-dom
1829 silly ADD node_modules/react-router
1830 silly ADD node_modules/react-router/node_modules/cookie
1831 silly ADD node_modules/react-refresh
1832 silly ADD node_modules/react-markdown
1833 silly ADD node_modules/react-is
1834 silly ADD node_modules/react-hook-form
1835 silly ADD node_modules/react-dom
1836 silly ADD node_modules/react
1837 silly ADD node_modules/rc9
1838 silly ADD node_modules/raw-body
1839 silly ADD node_modules/raw-body/node_modules/iconv-lite
1840 silly ADD node_modules/range-parser
1841 silly ADD node_modules/queue-microtask
1842 silly ADD node_modules/qs
1843 silly ADD node_modules/pure-rand
1844 silly ADD node_modules/proxy-addr
1845 silly ADD node_modules/property-information
1846 silly ADD node_modules/prop-types
1847 silly ADD node_modules/promise-worker-transferable
1848 silly ADD node_modules/prisma
1849 silly ADD node_modules/potpack
1850 silly ADD node_modules/postprocessing
1851 silly ADD node_modules/postcss-value-parser
1852 silly ADD node_modules/postcss-selector-parser
1853 silly ADD node_modules/postcss-nested
1854 silly ADD node_modules/postcss-load-config
1855 silly ADD node_modules/postcss-js
1856 silly ADD node_modules/postcss-import
1857 silly ADD node_modules/postcss
1858 silly ADD node_modules/pkg-types
1859 silly ADD node_modules/pirates
1860 silly ADD node_modules/pify
1861 silly ADD node_modules/picomatch
1862 silly ADD node_modules/picocolors
1863 silly ADD node_modules/perfect-debounce
1864 silly ADD node_modules/pathe
1865 silly ADD node_modules/path-to-regexp
1866 silly ADD node_modules/path-parse
1867 silly ADD node_modules/path-key
1868 silly ADD node_modules/parseurl
1869 silly ADD node_modules/parse-entities
1870 silly ADD node_modules/parse-entities/node_modules/@types/unist
1871 silly ADD node_modules/on-finished
1872 silly ADD node_modules/ohash
1873 silly ADD node_modules/ogl
1874 silly ADD node_modules/object-inspect
1875 silly ADD node_modules/object-hash
1876 silly ADD node_modules/object-assign
1877 silly ADD node_modules/nypm
1878 silly ADD node_modules/nypm/node_modules/citty
1879 silly ADD node_modules/normalize-path
1880 silly ADD node_modules/node-releases
1881 silly ADD node_modules/node-fetch-native
1882 silly ADD node_modules/negotiator
1883 silly ADD node_modules/nanoid
1884 silly ADD node_modules/n8ao
1885 silly ADD node_modules/mz
1886 silly ADD node_modules/ms
1887 silly ADD node_modules/motion-utils
1888 silly ADD node_modules/motion-dom
1889 silly ADD node_modules/mime-types
1890 silly ADD node_modules/mime-db
1891 silly ADD node_modules/mime
1892 silly ADD node_modules/micromatch
1893 silly ADD node_modules/micromatch/node_modules/picomatch
1894 silly ADD node_modules/micromark-util-types
1895 silly ADD node_modules/micromark-util-symbol
1896 silly ADD node_modules/micromark-util-subtokenize
1897 silly ADD node_modules/micromark-util-sanitize-uri
1898 silly ADD node_modules/micromark-util-resolve-all
1899 silly ADD node_modules/micromark-util-normalize-identifier
1900 silly ADD node_modules/micromark-util-html-tag-name
1901 silly ADD node_modules/micromark-util-encode
1902 silly ADD node_modules/micromark-util-decode-string
1903 silly ADD node_modules/micromark-util-decode-numeric-character-reference
1904 silly ADD node_modules/micromark-util-combine-extensions
1905 silly ADD node_modules/micromark-util-classify-character
1906 silly ADD node_modules/micromark-util-chunked
1907 silly ADD node_modules/micromark-util-character
1908 silly ADD node_modules/micromark-factory-whitespace
1909 silly ADD node_modules/micromark-factory-title
1910 silly ADD node_modules/micromark-factory-space
1911 silly ADD node_modules/micromark-factory-label
1912 silly ADD node_modules/micromark-factory-destination
1913 silly ADD node_modules/micromark-core-commonmark
1914 silly ADD node_modules/micromark
1915 silly ADD node_modules/methods
1916 silly ADD node_modules/meshoptimizer
1917 silly ADD node_modules/meshline
1918 silly ADD node_modules/merge2
1919 silly ADD node_modules/merge-descriptors
1920 silly ADD node_modules/media-typer
1921 silly ADD node_modules/mdast-util-to-string
1922 silly ADD node_modules/mdast-util-to-markdown
1923 silly ADD node_modules/mdast-util-to-hast
1924 silly ADD node_modules/mdast-util-phrasing
1925 silly ADD node_modules/mdast-util-mdxjs-esm
1926 silly ADD node_modules/mdast-util-mdx-jsx
1927 silly ADD node_modules/mdast-util-mdx-expression
1928 silly ADD node_modules/mdast-util-from-markdown
1929 silly ADD node_modules/math-intrinsics
1930 silly ADD node_modules/make-error
1931 silly ADD node_modules/maath
1932 silly ADD node_modules/lucide-react
1933 silly ADD node_modules/lru-cache
1934 silly ADD node_modules/loose-envify
1935 silly ADD node_modules/longest-streak
1936 silly ADD node_modules/lodash.once
1937 silly ADD node_modules/lodash.isstring
1938 silly ADD node_modules/lodash.isplainobject
1939 silly ADD node_modules/lodash.isnumber
1940 silly ADD node_modules/lodash.isinteger
1941 silly ADD node_modules/lodash.isboolean
1942 silly ADD node_modules/lodash.includes
1943 silly ADD node_modules/lodash
1944 silly ADD node_modules/lines-and-columns
1945 silly ADD node_modules/lilconfig
1946 silly ADD node_modules/lie
1947 silly ADD node_modules/jws
1948 silly ADD node_modules/jwa
1949 silly ADD node_modules/jsonwebtoken
1950 silly ADD node_modules/jsonwebtoken/node_modules/semver
1951 silly ADD node_modules/json5
1952 silly ADD node_modules/jsesc
1953 silly ADD node_modules/js-tokens
1954 silly ADD node_modules/jiti
1955 silly ADD node_modules/its-fine
1956 silly ADD node_modules/isexe
1957 silly ADD node_modules/is-promise
1958 silly ADD node_modules/is-plain-obj
1959 silly ADD node_modules/is-number
1960 silly ADD node_modules/is-hexadecimal
1961 silly ADD node_modules/is-glob
1962 silly ADD node_modules/is-fullwidth-code-point
1963 silly ADD node_modules/is-extglob
1964 silly ADD node_modules/is-decimal
1965 silly ADD node_modules/is-core-module
1966 silly ADD node_modules/is-binary-path
1967 silly ADD node_modules/is-alphanumerical
1968 silly ADD node_modules/is-alphabetical
1969 silly ADD node_modules/ipaddr.js
1970 silly ADD node_modules/internmap
1971 silly ADD node_modules/inline-style-parser
1972 silly ADD node_modules/inherits
1973 silly ADD node_modules/immediate
1974 silly ADD node_modules/ieee754
1975 silly ADD node_modules/iconv-lite
1976 silly ADD node_modules/http-errors
1977 silly ADD node_modules/html-url-attributes
1978 silly ADD node_modules/hls.js
1979 silly ADD node_modules/hast-util-whitespace
1980 silly ADD node_modules/hast-util-to-jsx-runtime
1981 silly ADD node_modules/hasown
1982 silly ADD node_modules/has-symbols
1983 silly ADD node_modules/has-flag
1984 silly ADD node_modules/gsap
1985 silly ADD node_modules/gopd
1986 silly ADD node_modules/glsl-noise
1987 silly ADD node_modules/glob-parent
1988 silly ADD node_modules/giget
1989 silly ADD node_modules/get-proto
1990 silly ADD node_modules/get-intrinsic
1991 silly ADD node_modules/get-caller-file
1992 silly ADD node_modules/gensync
1993 silly ADD node_modules/function-bind
1994 silly ADD node_modules/fsevents
1995 silly ADD node_modules/fresh
1996 silly ADD node_modules/framer-motion
1997 silly ADD node_modules/fraction.js
1998 silly ADD node_modules/forwarded
1999 silly ADD node_modules/finalhandler
2000 silly ADD node_modules/finalhandler/node_modules/ms
2001 silly ADD node_modules/finalhandler/node_modules/debug
2002 silly ADD node_modules/fill-range
2003 silly ADD node_modules/fflate
2004 silly ADD node_modules/fdir
2005 silly ADD node_modules/fastq
2006 silly ADD node_modules/fast-glob
2007 silly ADD node_modules/fast-glob/node_modules/glob-parent
2008 silly ADD node_modules/fast-equals
2009 silly ADD node_modules/fast-check
2010 silly ADD node_modules/extend
2011 silly ADD node_modules/exsolve
2012 silly ADD node_modules/express
2013 silly ADD node_modules/express/node_modules/ms
2014 silly ADD node_modules/express/node_modules/debug
2015 silly ADD node_modules/eventemitter3
2016 silly ADD node_modules/etag
2017 silly ADD node_modules/estree-util-is-identifier-name
2018 silly ADD node_modules/escape-html
2019 silly ADD node_modules/escalade
2020 silly ADD node_modules/esbuild
2021 silly ADD node_modules/es-object-atoms
2022 silly ADD node_modules/es-errors
2023 silly ADD node_modules/es-define-property
2024 silly ADD node_modules/encodeurl
2025 silly ADD node_modules/empathic
2026 silly ADD node_modules/emoji-regex
2027 silly ADD node_modules/electron-to-chromium
2028 silly ADD node_modules/effect
2029 silly ADD node_modules/ee-first
2030 silly ADD node_modules/ecdsa-sig-formatter
2031 silly ADD node_modules/dunder-proto
2032 silly ADD node_modules/draco3d
2033 silly ADD node_modules/dotenv
2034 silly ADD node_modules/dom-helpers
2035 silly ADD node_modules/dlv
2036 silly ADD node_modules/diff
2037 silly ADD node_modules/didyoumean
2038 silly ADD node_modules/devlop
2039 silly ADD node_modules/detect-gpu
2040 silly ADD node_modules/destroy
2041 silly ADD node_modules/destr
2042 silly ADD node_modules/dequal
2043 silly ADD node_modules/depd
2044 silly ADD node_modules/delaunator
2045 silly ADD node_modules/defu
2046 silly ADD node_modules/deepmerge-ts
2047 silly ADD node_modules/decode-named-character-reference
2048 silly ADD node_modules/decimal.js-light
2049 silly ADD node_modules/debug
2050 silly ADD node_modules/d3-zoom
2051 silly ADD node_modules/d3-transition
2052 silly ADD node_modules/d3-timer
2053 silly ADD node_modules/d3-time-format
2054 silly ADD node_modules/d3-time
2055 silly ADD node_modules/d3-shape
2056 silly ADD node_modules/d3-selection
2057 silly ADD node_modules/d3-scale-chromatic
2058 silly ADD node_modules/d3-scale
2059 silly ADD node_modules/d3-random
2060 silly ADD node_modules/d3-quadtree
2061 silly ADD node_modules/d3-polygon
2062 silly ADD node_modules/d3-path
2063 silly ADD node_modules/d3-interpolate
2064 silly ADD node_modules/d3-hierarchy
2065 silly ADD node_modules/d3-geo
2066 silly ADD node_modules/d3-format
2067 silly ADD node_modules/d3-force
2068 silly ADD node_modules/d3-fetch
2069 silly ADD node_modules/d3-ease
2070 silly ADD node_modules/d3-dsv
2071 silly ADD node_modules/d3-drag
2072 silly ADD node_modules/d3-dispatch
2073 silly ADD node_modules/d3-delaunay
2074 silly ADD node_modules/d3-contour
2075 silly ADD node_modules/d3-color
2076 silly ADD node_modules/d3-chord
2077 silly ADD node_modules/d3-brush
2078 silly ADD node_modules/d3-axis
2079 silly ADD node_modules/d3-array
2080 silly ADD node_modules/d3
2081 silly ADD node_modules/csstype
2082 silly ADD node_modules/cssesc
2083 silly ADD node_modules/cross-spawn
2084 silly ADD node_modules/cross-env
2085 silly ADD node_modules/create-require
2086 silly ADD node_modules/cors
2087 silly ADD node_modules/cookie-signature
2088 silly ADD node_modules/cookie
2089 silly ADD node_modules/convert-source-map
2090 silly ADD node_modules/content-type
2091 silly ADD node_modules/content-disposition
2092 silly ADD node_modules/consola
2093 silly ADD node_modules/confbox
2094 silly ADD node_modules/concurrently
2095 silly ADD node_modules/commander
2096 silly ADD node_modules/comma-separated-tokens
2097 silly ADD node_modules/color-name
2098 silly ADD node_modules/color-convert
2099 silly ADD node_modules/clsx
2100 silly ADD node_modules/cliui
2101 silly ADD node_modules/citty
2102 silly ADD node_modules/chokidar
2103 silly ADD node_modules/character-reference-invalid
2104 silly ADD node_modules/character-entities-legacy
2105 silly ADD node_modules/character-entities-html4
2106 silly ADD node_modules/character-entities
2107 silly ADD node_modules/chalk
2108 silly ADD node_modules/chalk/node_modules/supports-color
2109 silly ADD node_modules/ccount
2110 silly ADD node_modules/caniuse-lite
2111 silly ADD node_modules/camera-controls
2112 silly ADD node_modules/camelcase-css
2113 silly ADD node_modules/call-bound
2114 silly ADD node_modules/call-bind-apply-helpers
2115 silly ADD node_modules/c12
2116 silly ADD node_modules/bytes
2117 silly ADD node_modules/buffer-equal-constant-time
2118 silly ADD node_modules/buffer
2119 silly ADD node_modules/browserslist
2120 silly ADD node_modules/braces
2121 silly ADD node_modules/body-parser
2122 silly ADD node_modules/body-parser/node_modules/ms
2123 silly ADD node_modules/body-parser/node_modules/iconv-lite
2124 silly ADD node_modules/body-parser/node_modules/debug
2125 silly ADD node_modules/binary-extensions
2126 silly ADD node_modules/bidi-js
2127 silly ADD node_modules/bcryptjs
2128 silly ADD node_modules/baseline-browser-mapping
2129 silly ADD node_modules/base64-js
2130 silly ADD node_modules/bail
2131 silly ADD node_modules/autoprefixer
2132 silly ADD node_modules/array-flatten
2133 silly ADD node_modules/arg
2134 silly ADD node_modules/anymatch
2135 silly ADD node_modules/anymatch/node_modules/picomatch
2136 silly ADD node_modules/any-promise
2137 silly ADD node_modules/ansi-styles
2138 silly ADD node_modules/ansi-regex
2139 silly ADD node_modules/acorn-walk
2140 silly ADD node_modules/acorn
2141 silly ADD node_modules/accepts
2142 silly ADD node_modules/@webgpu/types
2143 silly ADD node_modules/@vitejs/plugin-react
2144 silly ADD node_modules/@use-gesture/react
2145 silly ADD node_modules/@use-gesture/core
2146 silly ADD node_modules/@ungap/structured-clone
2147 silly ADD node_modules/@types/webxr
2148 silly ADD node_modules/@types/unist
2149 silly ADD node_modules/@types/three
2150 silly ADD node_modules/@types/stats.js
2151 silly ADD node_modules/@types/serve-static
2152 silly ADD node_modules/@types/send
2153 silly ADD node_modules/@types/react-reconciler
2154 silly ADD node_modules/@types/react-dom
2155 silly ADD node_modules/@types/react
2156 silly ADD node_modules/@types/range-parser
2157 silly ADD node_modules/@types/qs
2158 silly ADD node_modules/@types/offscreencanvas
2159 silly ADD node_modules/@types/node
2160 silly ADD node_modules/@types/ms
2161 silly ADD node_modules/@types/mdast
2162 silly ADD node_modules/@types/jsonwebtoken
2163 silly ADD node_modules/@types/http-errors
2164 silly ADD node_modules/@types/hast
2165 silly ADD node_modules/@types/geojson
2166 silly ADD node_modules/@types/express-serve-static-core
2167 silly ADD node_modules/@types/express
2168 silly ADD node_modules/@types/estree-jsx
2169 silly ADD node_modules/@types/estree
2170 silly ADD node_modules/@types/draco3d
2171 silly ADD node_modules/@types/debug
2172 silly ADD node_modules/@types/d3-zoom
2173 silly ADD node_modules/@types/d3-transition
2174 silly ADD node_modules/@types/d3-timer
2175 silly ADD node_modules/@types/d3-time-format
2176 silly ADD node_modules/@types/d3-time
2177 silly ADD node_modules/@types/d3-shape
2178 silly ADD node_modules/@types/d3-selection
2179 silly ADD node_modules/@types/d3-scale-chromatic
2180 silly ADD node_modules/@types/d3-scale
2181 silly ADD node_modules/@types/d3-random
2182 silly ADD node_modules/@types/d3-quadtree
2183 silly ADD node_modules/@types/d3-polygon
2184 silly ADD node_modules/@types/d3-path
2185 silly ADD node_modules/@types/d3-interpolate
2186 silly ADD node_modules/@types/d3-hierarchy
2187 silly ADD node_modules/@types/d3-geo
2188 silly ADD node_modules/@types/d3-format
2189 silly ADD node_modules/@types/d3-force
2190 silly ADD node_modules/@types/d3-fetch
2191 silly ADD node_modules/@types/d3-ease
2192 silly ADD node_modules/@types/d3-dsv
2193 silly ADD node_modules/@types/d3-drag
2194 silly ADD node_modules/@types/d3-dispatch
2195 silly ADD node_modules/@types/d3-delaunay
2196 silly ADD node_modules/@types/d3-contour
2197 silly ADD node_modules/@types/d3-color
2198 silly ADD node_modules/@types/d3-chord
2199 silly ADD node_modules/@types/d3-brush
2200 silly ADD node_modules/@types/d3-axis
2201 silly ADD node_modules/@types/d3-array
2202 silly ADD node_modules/@types/d3
2203 silly ADD node_modules/@types/cors
2204 silly ADD node_modules/@types/connect
2205 silly ADD node_modules/@types/body-parser
2206 silly ADD node_modules/@types/bcryptjs
2207 silly ADD node_modules/@types/babel__traverse
2208 silly ADD node_modules/@types/babel__template
2209 silly ADD node_modules/@types/babel__generator
2210 silly ADD node_modules/@types/babel__core
2211 silly ADD node_modules/@tweenjs/tween.js
2212 silly ADD node_modules/@tsconfig/node16
2213 silly ADD node_modules/@tsconfig/node14
2214 silly ADD node_modules/@tsconfig/node12
2215 silly ADD node_modules/@tsconfig/node10
2216 silly ADD node_modules/@tanstack/react-query
2217 silly ADD node_modules/@tanstack/query-core
2218 silly ADD node_modules/@tailwindcss/typography
2219 silly ADD node_modules/@tailwindcss/typography/node_modules/postcss-selector-parser
2220 silly ADD node_modules/@standard-schema/spec
2221 silly ADD node_modules/@rollup/rollup-darwin-arm64
2222 silly ADD node_modules/@rolldown/pluginutils
2223 silly ADD node_modules/@react-three/postprocessing
2224 silly ADD node_modules/@react-three/postprocessing/node_modules/maath
2225 silly ADD node_modules/@react-three/fiber
2226 silly ADD node_modules/@react-three/drei
2227 silly ADD node_modules/@prisma/get-platform
2228 silly ADD node_modules/@prisma/fetch-engine
2229 silly ADD node_modules/@prisma/engines-version
2230 silly ADD node_modules/@prisma/engines
2231 silly ADD node_modules/@prisma/debug
2232 silly ADD node_modules/@prisma/config
2233 silly ADD node_modules/@prisma/client
2234 silly ADD node_modules/@nodelib/fs.walk
2235 silly ADD node_modules/@nodelib/fs.stat
2236 silly ADD node_modules/@nodelib/fs.scandir
2237 silly ADD node_modules/@monogrid/gainmap-js
2238 silly ADD node_modules/@mediapipe/tasks-vision
2239 silly ADD node_modules/@jridgewell/trace-mapping
2240 silly ADD node_modules/@jridgewell/sourcemap-codec
2241 silly ADD node_modules/@jridgewell/resolve-uri
2242 silly ADD node_modules/@jridgewell/remapping
2243 silly ADD node_modules/@jridgewell/gen-mapping
2244 silly ADD node_modules/@hookform/resolvers
2245 silly ADD node_modules/@google/generative-ai
2246 silly ADD node_modules/@esbuild/darwin-arm64
2247 silly ADD node_modules/@cspotcode/source-map-support
2248 silly ADD node_modules/@cspotcode/source-map-support/node_modules/@jridgewell/trace-mapping
2249 silly ADD node_modules/@babel/types
2250 silly ADD node_modules/@babel/traverse
2251 silly ADD node_modules/@babel/template
2252 silly ADD node_modules/@babel/runtime
2253 silly ADD node_modules/@babel/plugin-transform-react-jsx-source
2254 silly ADD node_modules/@babel/plugin-transform-react-jsx-self
2255 silly ADD node_modules/@babel/parser
2256 silly ADD node_modules/@babel/helpers
2257 silly ADD node_modules/@babel/helper-validator-option
2258 silly ADD node_modules/@babel/helper-validator-identifier
2259 silly ADD node_modules/@babel/helper-string-parser
2260 silly ADD node_modules/@babel/helper-plugin-utils
2261 silly ADD node_modules/@babel/helper-module-transforms
2262 silly ADD node_modules/@babel/helper-module-imports
2263 silly ADD node_modules/@babel/helper-globals
2264 silly ADD node_modules/@babel/helper-compilation-targets
2265 silly ADD node_modules/@babel/generator
2266 silly ADD node_modules/@babel/core
2267 silly ADD node_modules/@babel/compat-data
2268 silly ADD node_modules/@babel/code-frame
2269 silly ADD node_modules/@alloc/quick-lru
2270 verbose cwd /Users/darshilsachingunjal/syndicateix/Suraag-syndicate-final
2271 verbose os Darwin 25.5.0
2272 verbose node v24.16.0
2273 verbose npm  v11.13.0
2274 notice
2274 notice New major version of npm available! 11.13.0 -> 12.0.1
2274 notice Changelog: https://github.com/npm/cli/releases/tag/v12.0.1
2274 notice To update run: npm install -g npm@12.0.1
2274 notice  { force: true, Symbol(proc-log.meta): true }
2275 verbose exit 0
2276 info ok
